artist,title,first_seen_pid,seen_in
't Geruis,Quand Le Bois Chante,687,1
+/-,The Important Thing Is To Love,316,3
+/-,You'll Catch Your Death,363,2
. . - . . - ... . - ..,.. / ..-. --- .-. --. --- - / - --- / - .- -.- . / -- -.-- / -- . -.. ...,813,1
...And You Will Know Us by the Trail of Dead,Clair de Lune,28,1
0 Stars,World No. 2,810,1
100 Pets,Three Friends,74,5
13 & God,Armored Scarves,456,3
13 & God,L'atlas flexible / Von Gradleute (Remix By Hrvatski),231,4
13 & God,Men of Station,228,11
16 Horsepower,Just Like Birds,8,3
16 Horsepower,Poor Mouth,7,2
18th Dye,Label,80,1
2 Litre Dolby,Flexa Lyndo,25,1
2 Litre Dolby,Frida Kahlo,23,1
2 Litre Dolby,Regulator Watts,26,1
31knots,Breathe to Please Them,140,4
31knots,Chain Reaction,247,1
31knots,Coward With Claws,203,1
31knots,Impromptu Disproving,245,1
31knots,Without Wine,268,1
33.3,Power Failure at the U.N.,45,2
33.3,Quilted Giraffe,6,1
50 Foot Wave,Hog Child,686,2
65daysofstatic,Come to Me,427,4
65daysofstatic,Don't Go Down To Sorrow,303,4
65daysofstatic,Drove Through Ghosts to Get Here,244,16
65daysofstatic,Fix the Sky a Little,553,3
65daysofstatic,Gorecki,762,1
65daysofstatic,Hypersleep,731,1
65daysofstatic,Install a Beak in the Heart That Clucks Time in Arabic,228,2
65daysofstatic,Music Is Music As Devices Are Kisses Is Everything,308,2
65daysofstatic,Pacify,442,2
65daysofstatic,Piano Fights,429,2
65daysofstatic,PX3,444,1
65daysofstatic,Radio Protector,248,2
65daysofstatic,The Undertow,546,2
65daysofstatic,When We Were Younger & Better,306,1
72-hour Post Fight,Unglued,620,1
764-HERO,Oceanbound,105,1
764-HERO,The Long Arm of the Law,103,2
77:78,Swooping Like Eagles,638,2
800 Cherries,Fresh Water,9,1
90 Day Men,Alligator,90,3
90 Day Men,Even Time Ghost Can't Stop Wagner,171,1
90 Day Men,Saint Theresa in Ecstasy,89,2
90 Day Men,Too Late or too Dead,158,7
A Classic Education,Forever Boy,471,2
A Country Western,Ridgeline,753,1
A Country Western,Wasting the Weekends,756,1
A Hawk And A Hacksaw,In The River,298,1
A Silver Mt. Zion,'Piphany Rambler,414,3
A Silver Mt. Zion,American Motor over Smoldered Field,181,1
A Silver Mt. Zion,Blindblindblind,340,4
A Silver Mt. Zion,Could've Moved Mountains,177,1
A Silver Mt. Zion,Horses in the Sky,244,1
A Silver Mt. Zion,Mountains Made of Steam,226,3
A Silver Mt. Zion,Ring Them Bells (Freedom Has Come and Gone),261,2
A Silver Mt. Zion,Sit in the Middle of Three Galloping Dogs,12,6
A Silver Mt. Zion,Sow Some Lonesome Corner so Many Flowers Bloom,157,1
A Silver Mt. Zion,The Triumph of Our Tired Eyes,78,6
A Silver Mt. Zion,What We Loved Was Not Enough,553,5
A Small Good Thing,A Mighty Stillness,94,1
A Swarm of the Sun,Anthem,763,1
A Taste of Ra,Can You?,247,1
A Tribe Called Quest,Buggin' Out,6,1
A Weather,"Spiders, Snakes",401,2
A Weather,Third of Life,423,1
A Whisper in the Noise,Armament,323,5
A Winged Victory For The Sullen,All Our Friends Are Vampires,718,1
A Winged Victory For The Sullen,Atomos VI,578,5
A Winged Victory For The Sullen,Atomos VII,564,5
A Winged Victory For The Sullen,Beethoven 250,664,1
A Winged Victory For The Sullen,Desires Are Already Memories,631,1
A Winged Victory For The Sullen,Interview,581,1
A Winged Victory For The Sullen,Open Chords,472,1
A Winged Victory For The Sullen,"Requiem For The Static King, Part Two",472,2
A Winged Victory For The Sullen,So That The City Can Begin to Exist,632,2
A Winged Victory For The Sullen,The Divided City,640,1
A Winged Victory For The Sullen,The Slow Descent Has begun,803,1
A Winged Victory For The Sullen,"We Played Some Open Chords and Rejoiced, For the Earth Had Circled the Sun Yet Another Year",471,11
A.A. Bondy,Scenes from a Circus,479,4
A.A. Williams,Cold (Rework),667,1
A.C. Newman,You Could Get Lost Out Here,513,2
Abbc,Gilbert,62,2
Abel Ghekiere,Caroline,778,7
Abel Ghekiere,Dit uitzicht,773,1
Abilene,Fitch,142,2
Abilene,Rear View,85,1
Abilene,Silversides,58,2
AC Acoustics,Hand Passes Empty,26,1
AC Acoustics,Knot of Knots,54,1
AC Acoustics,Parrot Pine,34,1
Acre Memos,Birds Swim Away (feat. Lomelda),703,1
Active Child,Hanging On,470,1
Active Child,She Was a Vision,433,2
Active Child,Voice of an Old Friend,412,4
Ada Lea,Hurt,658,2
adam banton,Mothers Day,223,1
Adam Franklin,Outdoor Miner,222,1
Adam Gnade & Youthmovies,"We're Unknowing In The Crosshairs, We Walk Unknowing In The Crosshairs",332,1
Adam Green,Jessica,169,1
Adam Green,Kokomo,181,1
Adam Green,Mozzarella Swastikas,104,1
Adam Green,Vultures,264,1
Adam Green & Binki Shapiro,Here I Am,508,3
Adam Wiltzie,"Burried at Westwood Memorial Park, in an Unmarked Grave, to the left of Walter Matthau",755,1
Adam Wiltzie & Jóhann Jóhannsson,White Gloves and Turtlenecks,829,1
Add N To (X),You Must Create,41,1
Adem,Crashlander,272,3
Adem,Everything You Need,160,4
Adem,Gone Away,191,1
Adem,Hotellounge,353,1
Adem,Human Beings Gather 'round,270,1
Adem,Interview,190,2
Adem,Loro,351,3
Adem,Ringing in My Ear,190,2
Adem,Statued,181,10
Adem,These Are Your Friends,184,1
Adem,These Lights Are Meaningfull,270,1
Adem,Warning Call,268,1
Admiral Fallow,Tree Bursts,503,1
Admiral Freebee,Serenity Now !,137,1
Adriaan de Roover,Homebound,745,1
Adriaan de Roover,Nudge Forward,748,1
Adriaan Swerts,Hidden Decay,788,1
Adrian Crowley,Alice Among the Pines,509,1
Adrian Crowley,At the Starlight Hotel,508,2
Adrian Crowley,Deep Dark Blue,779,2
Adrian Crowley,Fortune Teller Song,509,1
Adrian Crowley,"Golden Streets, Bitter Tears (feat. Brigid Mae Power)",702,1
Adrian Crowley,Interview,786,1
Adrian Crowley,Lady Lazarus,509,1
Adrian Crowley,Lovers in the Waves,786,1
Adrian Crowley,Northbound Stowaway,640,2
Adrian Crowley,Ocean,813,1
Adrian Crowley,She Brings Oblivion,805,2
Adrian Crowley,Tangled,769,4
Adrian Crowley,Trouble,583,5
Adrian Crowley,Underwater Song,648,4
Adrianne Lenker,Anything,618,3
Adrianne Lenker,Fool,749,1
Adrianne Lenker,Free Treasure,753,2
Adrianne Lenker,I Won't Let Go of Your Hand,752,1
Adrianne Lenker,Ingydar,625,3
Adrianne Lenker,No Machine,754,1
Adrianne Lenker,Ruined,741,2
Adrianne Lenker,Sadness As a Gift,746,2
Aereogramme,A Meaningful Existence,78,5
Aereogramme,Hatred,7,1
Aereogramme,I Don't Need Your Love,265,1
Aereogramme,In Gratitude,138,6
Aereogramme,Living Backwards,297,2
Aereogramme,Motion,75,9
Aereogramme,"No Really, Everything's Fine",209,1
Aereogramme,"Post-Tour, Pre-Judgement",77,3
Aereogramme,Sunday 3:52,298,1
Aereogramme,You're Always Welcome,298,1
Aerial Days,Remembering and Forgetting,292,1
Aerial East,Katharine,640,2
Afghan Whigs,Beware,7,2
Afghan Whigs,Let Me Lie to You,42,2
Afghan Whigs,The Temple,11,1
Afghan Whigs,These Sticks,567,1
Agnes Obel,Riverside,439,1
Agnes Obel,Smoke & Mirrors,439,1
Ai Phoenix,Mountains and Castles,110,2
Ai Phoenix,We Think You Are Very Brave,55,2
Aidan Moffat & The Best-Ofs,A Scenic Route to the Isle of Ewe,377,2
Aiofe Nessa Frances,Here in the Dark,619,1
Air,Modulor,17,1
Air,New Star in the Sky (Demo 1),752,1
Air,Playground Love,5,2
Air,Sexborn Poison,67,1
Air,Suicide Underground,91,2
Air,The Vagabond,70,2
Air,The Way You Look Tonight,97,1
Air Tycoon,Los Angeles,484,1
Aki,De dag is traag,705,1
Akron/Family,Before And Again,308,1
Akron/Family,"Don't Be Afraid, You're Already Dead",323,13
Akron/Family,Island,451,8
Akron/Family,Love Is Simple,407,1
Akron/Family,No Room,521,2
Akron/Family,River,396,1
Akron/Family,"Running, Returning",224,1
Akron/Family,The Alps & Their Orange Evergreen,396,1
Akron/Family,They Will Appear,388,3
Alabaster Deplume,Glass,824,1
Alabaster Deplume,I'm Good At Not Crying,682,1
Alabaster Deplume,Mrs Calamari,680,4
Alabaster Deplume,"Now (Pink Triangle, Blue Valley)",684,1
Alabaster Deplume,Oh My Actual Days,778,4
Alabaster Deplume,That Was My Garden,787,1
Alabaster Deplume,Visit Croatia,624,5
Alan Sparhawk,Don't Take Your Light,793,1
Alan Sparhawk,No More Darkness,814,2
Alan Sparhawk & Trampled By Turtles,Not Broken,790,4
Alan Sparhawk & Trampled By Turtles,Stranger,786,2
Alasdair Roberts,The Whole House Is Singing,150,1
Alasdair Roberts,Waxwing,300,2
Alaska in Winter,We Are Blind and Riding the Merry-Go-Round,384,1
Alaskan Tapes,The Sky Sings Its Chorus (For Us Alone) - Pt. 1,649,2
Alban,Do You Love Me (Pt. 1),814,1
Alban,Do You Love Me? Pt. 2 (Midnight Take),818,1
Aldous Harding,Fixture Picture,623,2
Aldous Harding,Horizon,731,1
Aldous Harding,I Ate the Most,823,3
Aldous Harding,The Barrel,650,1
Aldous Harding,Warm Chris,682,3
Alela Diane,About Farewell,539,1
Alela Diane,Another Dream,699,1
Alela Diane,California,814,2
Alela Diane,Camellia,695,5
Alela Diane,Dusty Roses,821,2
Alela Diane,Pieces Of String,331,12
Alela Diane,Tatted Lace,381,6
Alena Spanger,Difficult People,748,1
Alessandro Baris,Last Letter To Jayne (feat. Lee Ranaldo),641,1
Aletta,Ashamed,779,1
Aletta,August Moon,698,3
Aletta,Griever,709,1
Alex Chilton,Holocaust,17,2
Alex G,After All,720,1
Alex G,Early Morning Waiting,720,1
Alex G,End Song,687,3
Alex G,Hollow,591,4
Alex G,Interview,720,1
Alex G,Mission,696,4
Alex Somers,Sooner,637,2
Alexalone,Ruins,652,2
Alexis Taylor,Colombia,819,1
Alfie,A Word in Your Ear,106,2
Alias,All Things Fixable,231,2
Alias,Chew the Fat,161,2
Alias,The Weathering (feat. The One AM Radio),359,1
Alias & Ehren,Eman Ruosis Iht,248,1
Alias & Tarsier,Cub,275,2
Alias & Tarsier,Dr. C,282,1
Alias & Tarsier,Plane That Draws a White Line,285,1
Alias ft. Markus Acher,Unseen Sights,160,7
Alice Boman,In Circles,700,1
Alice George Perez,The Crow,801,2
Alina Orlova,Po tiltu,427,2
Aliyaah Vs. Simian,Try Again/The Wisp,96,1
Aliz,Dustbunny + Wolf,289,1
All Eyes West,A Fat Son,23,1
ALL HANDS_MAKE LIGHT,The Sons and Daughters of Poor Eternal,722,2
ALL HANDS_MAKE LIGHT,We Live On a Fucking Planet And Baby That's the Sun,717,2
All Seeing Dolls,Kaleidoscope,781,1
All Structures Align,Wait Here's Something,738,2
Allegra Krieger,Impasse,735,2
Alles wie Gross,Rache & totet Polonius,34,1
Allred & Broderick,Shadow Diver,633,2
Aloa Input,Desert Something,649,1
Aloha,Ferocious Love,80,2
Alpha,Interview,58,1
Alpha,South,58,1
Alpha,Wise,60,1
Alt-J,Dissolve Me,505,1
Alt-J,Nara,579,3
Alt-J,Taro,504,2
Alt-j Feat. Mountain Man,Buffalo,514,4
Alva Noto + Ryuichi Sakamoto,By the River,466,1
Alva Noto + Ryuichi Sakamoto,Conversation 6,831,1
Alva Noto + Ryuichi Sakamoto,Monomom,672,1
Alva Noto / William Basinski / Marin L. Gore,Subterraneans,709,1
Amalgamated Sons of Rest,Major March,120,3
Amandine,Chores Of The Heart,307,1
Amandine,Lover's Trail,292,2
Amatorski,8 November,465,5
Amatorski,Come Home (rework 2025),776,1
Amatorski,Come to Dust,752,1
Amatorski,Fading,500,4
Amatorski,Fragment,567,7
Amatorski,Interview,500,1
Amatorski,Needle In the Hay,545,2
Amatorski,Never Told,500,1
Amatorski,Peaceful,500,1
Amatorski,Soldier,463,9
Amatorski,The King,424,2
Amatorski,Warszawa,500,1
Amatorski,Wild Birds,602,2
Amba,...To the Grave,131,2
Amber #2,Walking Backwards,9,1
Ambre ciel,Dream / Mirage,794,1
Ambre ciel,"The Sun, the Sky",792,1
Amen Dunes,I Know Myself,565,3
Amen Dunes,Song to the Siren,592,3
Amenra,Heden,777,1
Amenra,Small God,752,1
Amenra,Song to the Siren,644,1
Amenra,Voor immer,654,1
American Football,Bad Moons,815,2
American Football,Never Meant,86,8
American Football,No Soul to Save,822,1
American Music Club,Apology for an Accident,38,6
American Music Club,Fearless,24,1
American Music Club,Last Harbor,179,1
American Music Club,Song of the Rats Leaving the Sinking Ship,200,1
amiina,Over And Again,436,1
amiina,Rugla,314,2
amiina,What Are We Waiting For?,437,5
Amor Belhom Duo,A Little Less of Us,95,1
Amp,Love Flies By,108,2
Amp,Tomorrow,14,5
Amstrong,Longer,2,3
Amstrong,Thru,6,1
aMute,Oh! Le zeppelin,288,3
Ana Caravelle,Basic Climb,439,2
Ana Roxanne,Keepsake,823,1
Ana Roxanne,Untitled II,818,2
Analogue,10,52,1
Analogue,Goofball,18,1
Analogue,Hoover Dam Theme,110,1
AnaÏs Mitchell,Song Of The Magi,306,1
And So I Watch You From Afar,IV In Air,688,1
And They Spoke In Anthems,Morning in June,555,2
Anders Parker,Difference,136,1
Andre Ethier,Kids Are,763,2
Andrew Bird,Anonanimal,373,4
Andrew Bird,Bloodless,623,1
Andrew Bird,Desperation Breeds ...,488,2
Andrew Bird,"I Felt A Funeral, In My Brain (feat. Phoebe Bridgers)",701,2
Andrew Bird,Interview,307,2
Andrew Bird,Oh No,379,2
Andrew Bird,Plasticities,302,15
Andrew Bird,Sessie,307,1
Andrew Bird,Sovay,215,3
Andrew Bird,Tenuousness,394,1
Andrew Bird,Underlands,686,1
Andrew Bird & Madison Cunningham,Lola (My Love),768,1
Andrew Kenny,Bad,216,1
Andrew Kenny,Interview,216,1
Andrew Kenny,Secrets of the Heart,216,1
Andrew Wasylyk,Private Symphony #2 (feat. Stuart Murdoch),817,1
Andy Aquarius,Chapel,671,2
Andy Aquarius,Deep Elevation,733,1
Andy Aquarius,Jagten,753,1
Andy Shauf,Catch Your Eye,707,2
Andy Shauf,Don't Let IT Get To You,713,2
Andy Shauf,Jaywalker,661,1
Andy Shauf,Losing,828,1
Andy Shauf,Satan,676,5
Andy Shauf,You Slipped Away,628,1
Andy Stott,Hard To Tell,646,2
Andy Votel,Diode,76,1
Andy Votel,Girl on a Goped,43,1
Andy Votel,Rider Brow,45,1
Andy Votel,The Viy,129,3
Angel Olsen,Forever Means,720,1
Angel Olsen,Through The Fires,690,2
Angel Olsen,"Waving, Smiling",619,1
Angelo Badalamenti,Laura Palmer's Theme,706,1
Angelo De Augustine,27,704,2
Angelo De Augustine,Blue,626,1
Angelo De Augustine,"Crazy, Stoned, and Gone",616,1
Angelo De Augustine,Empty Shell,819,2
Angelo De Augustine,The Ballad of Betty and Barney Hill,726,2
Angelo De Augustine,The Cure,821,2
Angelo De Augustine,"You Needed Love, I Needed You",617,1
Angil and the hiddentracks,Narrow Minds,320,2
Animal Collective,Crucible,703,1
Animal Collective,Daily Routine,376,11
Animal Collective,On a Highway,409,6
Animal Collective,Prester John,664,3
Animal Collective,Royal and Desire,675,2
Animal Collective,Stride Rite,734,1
Animal Hospital,Awful Beast,732,1
Animal Hospital,His Belly Burst,396,2
Anjali,Kali Came,43,1
Anjali,Lazy Lagoon,39,2
Anjimile,1978,624,2
Anjimile,Anybody,730,2
Anjimile,The Store,818,2
Anjimile & Lomelda,1978 (Reunion),649,2
Anna B Savage,Talk To Me,778,5
Anna Calvi,Sing to Me,542,9
Anna Calvi,The Devil,449,4
Anna Leone,Once,634,1
Anna McClellan,Always Changing,804,1
Anna Mieke,Red Sun,744,1
Anna Mieke,Salt,705,2
Anna Tivel,Ruins,693,2
Annahstasia,Untamed,723,1
Annelies Monseré,I Might Never See,246,1
Annelies Monseré,We'll Dance,243,3
Annelies Monseré,You Were On My Side,246,1
Anohni,I Will Survive,626,1
Anohni and The Johnsons,Another World,782,2
Anohni and The Johnsons,Cripple and the Starfish,788,1
Anohni and The Johnsons,Hope There's Someone,814,1
Anohni and The Johnsons,Man Is the Baby,778,1
Anohni and The Johnsons,My Lady Story,774,1
Anohni and The Johnsons,Rest,729,1
Anohni and The Johnsons,Sliver of Ice,727,5
Ansatz Der Maschine,Absolve,623,1
Ansatz Der Maschine,Earth,492,1
Ansatz Der Maschine,Interview,306,2
Ansatz Der Maschine,Kohn Denny,378,7
Ansatz Der Maschine,over-expozed frozen stars,306,2
Ansatz Der Maschine,Smelling Neon Velvet,306,2
Ansatz Der Maschine,Svyatoy Nos,683,2
Ansatz Der Maschine,The Desert Story,492,1
Ansatz Der Maschine,The Last Fire,483,3
Ansatz Der Maschine,The Postman Is A Girl,296,2
Ant,The Silence Has Broken,149,1
Ant,White Swans on the Water,146,1
Antarctica,Full Crescent Crusade,29,1
Anti-Social Music + The Gena Rowlands Band,The End,265,1
Antony and The Johnsons,Another World,362,9
Antony and The Johnsons,Bird Girl,249,1
Antony and The Johnsons,Bird Guhl,223,2
Antony and The Johnsons,Candy Says,546,1
Antony and The Johnsons,Crazy in Love,398,1
Antony and The Johnsons,Cripple and the Starfish,306,8
Antony and The Johnsons,Cut the World,506,1
Antony and The Johnsons,Daylight and the Sun,382,1
Antony and The Johnsons,Fistful of Love,535,1
Antony and The Johnsons,Flétta,440,3
Antony and The Johnsons,For Today I Am a Boy,232,1
Antony and The Johnsons,Frankenstein,238,3
Antony and The Johnsons,Her Eyes Are Underneath the Ground,375,2
Antony and The Johnsons,Hope There's Someone,294,4
Antony and The Johnsons,Imagine,436,1
Antony and The Johnsons,Interview,232,1
Antony and The Johnsons,Knockin' on Heaven's Door,611,1
Antony and The Johnsons,Man Is the Baby,218,3
Antony and The Johnsons,My Lady Story,215,9
Antony and The Johnsons,My Lord My Love,438,1
Antony and The Johnsons,One Dove,377,3
Antony and The Johnsons,Rise,501,2
Antony and The Johnsons,The Lake,232,1
Antony and The Johnsons,The Spirit Was Gone,446,2
Antony and The Johnsons,You Are My Sister,505,2
Aoki Takamasa + Tujiko Noriko,Fly-Variation,248,1
Aphex Twin,#3,750,1
Aphex Twin,IZ-US,52,1
Aphex Twin,Nannou,14,1
Apostle Of Hustle,Animal Fat,208,1
Apostle Of Hustle,Cheap Like Sebastien,303,2
Apostle Of Hustle,Folkoric Feel,202,1
Apparat,Ash/Black Veil,460,4
Apparat,Black Water,471,13
Apparat,Contradiction,174,3
Apparat,Glimmerine,814,2
Apparat,Komponent,222,15
Apparat,Light On,521,3
Apparat,The Past,646,1
Appendix Out,Frontwards,151,1
Appendix Out,Josephine,104,2
Appliance,Enjoy Your Nutrition,16,1
Appliance,Kinski in Helsinki,25,1
Appliance,Mach One,93,1
Appliance,Slow Roller,26,2
Appliance,Throwing a Curve Ball,8,1
Apse,From The North,300,3
Apse,Legions,294,1
Apse,Lie,410,1
Apse,Norse,239,1
Apse,Spirit,297,4
Aquarian Blood,Bolted and Embossed,645,1
Arab Strap,(Afternoon) Soaps,18,1
Arab Strap,Aphelion,672,4
Arab Strap,Beats Per Minute,829,1
Arab Strap,Blackness,52,2
Arab Strap,Blood,467,1
Arab Strap,Cherubs,44,6
Arab Strap,Confessions of a Big Brother,243,1
Arab Strap,Dream Sequence,247,1
Arab Strap,Flutter,680,3
Arab Strap,Glue,161,1
Arab Strap,Hello Daylight,24,1
Arab Strap,Interview,56,1
Arab Strap,Last Orders,83,1
Arab Strap,Love Detective,54,4
Arab Strap,"Rocket, Take Your Turn",50,10
Arab Strap,Screaming in the Trees,815,1
Arab Strap,Serenade,144,2
Arab Strap,Sessie,56,2
Arab Strap,Sleeper,640,2
Arab Strap,The First Big Weekend,138,10
Arab Strap,The Girl I Loved Before I Fucked,330,1
Arab Strap,The Long Sea,57,1
Arab Strap,The Shy Retirer,144,7
Arab Strap,Turbulence,69,1
Arab Strap,Turn off the Light,759,1
Arab Strap,Who Named the Days?,280,1
Arborist,Dreaming In Another Language,715,2
Arborist,Twisted Arrow,602,2
Arbouretum,Down by the Fall Line,381,3
Arbouretum,False Spring,327,1
Arbouretum,Ghosts Of Here And There,327,1
Arbouretum,Interview,327,1
Arbouretum,Mohammed's Hex And Bounty,327,1
Arbouretum,Oceans Don't Sing,518,2
Arbouretum,Pale Rider Blues,306,12
Arbouretum,Shattered Through The Far,327,1
Arbouretum,Signposts And Instruments,307,3
Arbouretum,Song's A Seed In My Garden,327,1
Arbouretum,Tonight's A Jewel,327,1
Arbouretum,When Delivery Comes,453,5
Arca,Endormir les hommes,147,4
Arcade Fire,End of the Empire,688,1
Arcade Fire,Neighborhood #1 (Tunnels),215,3
Arcade Fire,Neighborhood #3 (Power Out),218,1
Arcade Fire,No Cars Go,241,9
Arcade Fire,Ocean Of Noise,308,1
Arcade Fire,Pink Elephant,788,2
Arcade Fire,Quit Your Job Meditation,823,1
Arcade Fire,Sprawl I (Flatland),471,3
Arcade Fire,Une année sans lumiere,231,1
Arcade Fire & Owen Pallett,Dimensions,642,1
Arcade Fire & Owen Pallett,Song On The Beach,640,1
Archer Prewitt,Another Peace of Mind,93,1
Architecture in Helsinki,Maybe You Can Owe Me,298,1
Ari B. Ingber,That's the Way She Was,750,2
Arizona Amp and Alternator,Blue Blue Marble Girl,243,1
Armlock,Half Time,831,1
Armlock,Ice Cold,758,1
Armlock,Strobe,790,2
Armlock,Turf War,650,1
Arny Margret,Born in Spring (Alternative Version),805,1
Arny Margret,Crooked Teeth,784,2
Arny Margret,Day Old Thoughts,775,2
Arny Margret,Greyhound Station,782,5
Arny Margret,Happy New Year,770,1
Arny Margret,"I Miss You, I Do",766,2
Arny Margret,Interview,784,2
Arny Margret,Raddupptaka_001,677,2
Arny Margret,The World Is Between Us,700,2
Arny Margret,Took the Train 'Til the End,783,3
Arny Margret,Waiting,737,1
Aroah,320,72,2
Aroah,Drug Buddy,148,1
Aroah,Happiness Avoids Me,120,3
Aroah,I Row Across a Japanese Watercolor,89,2
Aroah,Interview,148,1
Aroah,La Historia Mas Trista,148,1
Aroah,The Biggest Idiot in the World,148,1
Aroah,Upside Down,187,1
Aroah,Well Enough,148,1
Arooj Aftab,Bolo Na,759,2
Arooj Aftab,Bolo Na (feat. Moor Mother & Joel Ross),782,1
Arooj Aftab,Diya Hai,648,7
Arooj Aftab,Raat Ki Rani,755,1
"Arooj Aftab, Vijay Iyer, Shahzad Ismaily",Eyes of the Endless,719,1
Arovane,Cry Osaka Cry,188,1
Arovane,Eleventh!,18,2
Arovane,Pink Lilies,203,1
Arovane,Yeer,7,2
Arp Aubert,Actress,244,2
Arrange,Caves,499,3
Arrange,Stranger,563,2
Art of Fighting,Empty Nights,30,1
Art of Fighting,Stay (On Your Will),23,2
Art of Fighting,Waiting,25,1
Art of Fighting,Your Resistance,24,1
Arve Henriksen,Lament,551,2
asara,With Love,827,2
Ash,Folk Song,36,1
Asher White,Bushel Hyde,815,1
Asher White,Nightingale Version (Sailor's Moon),823,1
Ashley Eriksson,Bouée,645,1
Ashley Park,Little Dogs,79,2
Askjell,Atomic Bombs Atomicbonds I Love You,677,1
Askjell,Sofia,655,1
Asobi Seksu,Exotic Animal Paradise,317,2
Astodan,"For Love, for Loss, for Live, for Death",773,1
Astral Bakers,Rods and Cones (feat. This Is the Kit),822,2
Astrobotnia,Part 1,111,10
Astronaute,Lioness,548,6
Astronaute,Twist,648,3
At Swim Two Birds,In Bed With Your Best Friend,316,1
At the Close of Every Day,4 Seasons,172,1
At the Close of Every Day,40 years,246,1
At the Close of Every Day,All Things End in Water,246,1
At the Close of Every Day,Bang,246,1
At the Close of Every Day,De zee en Ko,246,1
At the Close of Every Day,Hallways,246,1
At the Close of Every Day,Ik weet,244,4
At the Close of Every Day,Interview,174,2
At the Close of Every Day,Maria Tales,246,1
At the Close of Every Day,Oude man,246,1
At the Close of Every Day,Rain or Shine,128,3
At the Close of Every Day,September Grass,174,2
At the Close of Every Day,The Estonia Situation,171,2
At the Close of Every Day,The Jesus Heart,158,9
At the Close of Every Day,The Sound of Someone Watching Me,115,2
At the Close of Every Day,The Truth Is Always One Step Behind,174,1
At the Close of Every Day,Under the Milky Way,118,5
At the Close of Every Day,We Keep Looking Up,591,2
At the Close of Every Day,When Their Spirits Surround Me,175,6
At the Drive-In,198d,13,1
At the Drive-In,Hourglass,12,1
Ataxia,Another,197,14
Ativin,Drought Shears,721,2
Ativin,Haunt Blue,725,1
Ativin,Mirrors Secured,728,1
Ativin,Sleep Well,187,2
Atlas Sound,Bite Marks,338,2
Atlas Sound,Cold as Ice,337,1
Atlas Sound,On Guard,422,1
Atlas Sound,Shelia,409,1
Atlas Sound,Terra Incognita,469,4
Atlas Sound,The Light That Failed,402,2
Atombombpocketknife,Candycane,30,1
Atoms for Peace,Amok,524,2
Atoms for Peace,Default,506,1
Attaque,Change Your Mind,582,3
Attaque,Isolation,586,2
Attic Basement,Be There,655,1
Au Revoir Simone,All or Nothing,391,1
Au Revoir Simone,Another Likely Story,388,1
Au Revoir Simone,Interview,391,1
Au Revoir Simone,Sad Song,303,1
Au Revoir Simone,Stay Golden,249,3
Au Revoir Simone,Take Me As I Am,391,1
Au Revoir Simone,The Lucky One,297,8
Audible,From the Third Floor,226,1
Audible,October Song,227,1
Aure,Dans la plaine,729,2
Aure,L'orage,809,2
Aure,Suddenly,736,1
Aure,The Beginning,818,1
Aure,The Line,724,1
Aure,The Sailors' Tales,799,1
Austin Lace,Sky Patrol,35,1
Austra,Beat and the Pulse,470,1
Autechre,Krib,453,1
Autistic Daughters,The Glasshouse and the Gift-Horse,211,2
Autopilot,Evil Exists,80,1
Autopilot,For Your Amusement Only,123,1
Autopilot,Second Round,14,3
Autopulver,Surgery/Remedy,11,1
Aveo,Newton and Galileo,186,2
Avery Friedman,Flowers Fell,788,1
Avi Buffalo,Jessica,433,5
Avi Buffalo,Overwhelmed with Pride,577,4
Avi Buffalo,Truth Sets In,430,1
Avi Buffalo,What's in It For?,427,7
Avril,Helium Life Boat,113,1
Azita,It's Understanding,516,1
Azita,Wasn't In the Bargain,186,1
Azure Ray,Dancing Ghosts,438,3
Azure Ray,November,156,12
Azure Ray,The Heart Has Its Reasons,505,2
Azure Ray,The Love of Two,158,2
Azure Ray feat. Sparklehorse,Silverlake,451,1
B. Fleischmann,A Letter from Home,167,12
B. Fleischmann,Aldebaran Waltz,256,1
B. Fleischmann,Composure,258,14
B. Fleischmann,Im Atelier,694,2
B. Fleischmann,Pass By,163,11
B. Fleischmann,S,33,1
B. Fleischmann,Slope,93,1
B. Fleischmann,Slumber,8,2
B. Fleischmann,The Market,361,2
B. Fleischmann,The Red Saloon,9,1
B. Fleischmann,Torn,11,3
Babeheaven,Picture This,800,1
BABEHOVEN,Birdseye,750,1
BABEHOVEN,Fugazi,676,1
Bad History Month,Deep Bright Future,666,1
Badbadnotgood,Hedron,571,2
Badly Drawn Boy,Disillusion,39,4
Badly Drawn Boy,Distant Town,25,1
Badly Drawn Boy,Donna and Blitzen,89,1
Badly Drawn Boy,Golden Days,133,1
Badly Drawn Boy,I Love N.Y.E.,103,1
Badly Drawn Boy,Magic in the Air,26,1
Badly Drawn Boy,Nothing's Gonna Change Your Mind,287,1
Badly Drawn Boy,Once Around the Block,71,4
Badly Drawn Boy,Piano Medley,102,1
Badly Drawn Boy,Something to Talk About,114,5
Badly Drawn Boy,The Shining,27,11
Bailey Miller,Cul-de-sac,709,1
Bailey Miller,Wilt,694,1
Balam Acab,Big Boy,457,2
Balam Acab,Now Time,472,2
Balam Acab,"Oh, Why",467,6
Balmorhea,Attesa,585,1
Balmorhea,Clamor,450,2
Balmorhea,Coventry Carol,659,1
Balmorhea,Nos,701,1
Balmorhea,Oscuros,727,4
Balmorhea,Pilgrim,506,7
Balmorhea,Rose In Abstract,635,1
Balmorhea,Settler,387,2
Balmorhea,Steerage and the Lamp,423,6
Balmorhea,Step Step Step,721,2
Balmorhea,The Crush,645,2
Balmorhea,Truth,380,3
Bambi Davidson,Bungalow,21,1
Band of Horses,(Biding Time Is a) Boat to Row,810,2
Band of Horses,Back Home,434,1
Band of Horses,Coalinga,679,3
Band of Horses,Detlef Schrempf,324,15
Band of Horses,Factory,428,10
Band of Horses,Infinite Arms,435,4
Band of Horses,Is There a Ghost,454,2
Band of Horses,No One's Gonna Love You,454,3
Band of Horses,Ode to LRC,454,1
Band of Horses,Our Swords,256,5
Band of Horses,Part One,267,1
Band of Horses,Slow Cruel Hands of Time,507,2
Band of Horses,The Funeral,265,19
Band of Horses,Wicked Gil,454,1
Banjo Or Freakout,Archangel,360,1
Banjo Or Freakout,Mr. No,403,1
Barbara Manning,Isn't Lonely Lovely,26,2
Barbara Morgenstern,Aus heiterem Himmel,139,1
Barbara Morgenstern,Is,138,2
Bark Psychosis,Absent Friend,771,1
Barn Owl,Turiya,472,3
Barry Burns,Los Geht's,817,1
Barzin,All the While,555,4
Barzin,Interview,290,1
Barzin,Leaving Time,261,3
Barzin,Past All Concerns,334,1
Barzin,Queen Jane,290,1
Barzin,So Much TiMe to Call My Own,260,1
Bat for Lashes,A Forest,370,1
Bat for Lashes,At Your Feet,759,1
Bat for Lashes,Good Love,383,4
Bat for Lashes,Laura,510,10
Bat for Lashes,Tahiti,327,11
Bat for Lashes,What's a Girl To Do,654,1
Baths,Ironworks,536,4
Bats & Mice,The Bridge Is Out (to Burn),77,3
Bauer,Baby Mustard,27,1
Bauer,Giddy Trip,43,3
Bauer,"T, J & S",1,2
Bauer,The Thrill of It All,55,1
Baulta,Third,641,1
Baxter Dury,Beneath the Underdog,116,3
Baxter Dury,Oscar Brown,92,1
Beach Fossils,Adversity,452,1
Beach Fossils,Down The Line (Piano),667,1
Beach Fossils,Waterfall,727,2
Beach House,April Suzanne,831,1
Beach House,Become,722,2
Beach House,ESP,671,1
Beach House,Gila,443,1
Beach House,Irene,499,6
Beach House,Lazuli,496,1
Beach House,Levitation,796,1
Beach House,Master of None,662,1
Beach House,Myth,491,10
Beach House,Real Love,413,14
Beach House,Silver Soul,419,1
Beach House,Sunset,673,2
Beach House,Through Me,667,1
Beach House,Tokyo Witch,323,3
Beach House,Walk In The Park,446,1
Beach House,You Came to Me,338,7
Beach House,Zebra,446,2
Beak>,Hungry Are We,759,3
Beak>,SOS 1,784,2
Beanfield,The Great Outside,41,1
Bear In Heaven,Beast in Peace,418,2
Beat Culture,Closer,594,2
Beauty Pill,I'm Just Gonna Close My Eyes for a Second,181,1
Beauty Pill,Lifeguard in Wintertime,180,1
Becca Mancari,Annie,639,1
Becca Mancari,Forgiveness,629,1
Beck,Archangel,691,1
Beck,Asshole,158,6
Beck,Broken Drum,224,4
Beck,Disappearing Act,828,1
Beck,Guess I'm Doing Fine,116,3
Beck,Mexico,27,1
Beck,Mixed Buziness,11,2
Beck,Morning,560,5
Beck,Nobody's Fault but My Own,60,12
Beck,Slow Canyon,831,1
Beck,Stormbringer,473,1
Beck,The Golden Age,574,5
Beck,True Love Will Find You in the End,203,2
Beck,Untitled Song 2,250,1
Bed,Nightcap,64,1
Bed,Nightsweeping,150,1
Bed,The Lucky Hand,66,1
Bedhead,More Than Ever,29,18
Bedhead,Psychosomatica,2,1
"Bedouine, Waxahatchee, Hurray For The Riff Raff",Thirteen,619,1
Beefcake,19/01/00,22,1
Beige,Folds,464,2
Beirut,A Sunday Smile,329,8
Beirut,Caspian Tiger,769,3
Beirut,East Harlem,467,3
Beirut,Ghost Train,788,1
Beirut,La Llorona,378,5
Beirut,Nantes,323,2
Beirut,Port of Call,469,2
Beirut,Regulatory,737,2
Beirut,The Akara,471,1
Beirut,The Canals of Our City,289,1
Beirut,The Rip Tide,724,1
Belaver,Monday,662,2
Bell Orchestre,Icicles / Bicycles,381,4
Bell Orchestre,Salvatore amato,245,1
Bell Orchestre,V: Movement,632,1
Bell Orchestre,Water/Lights/Shifts,718,1
Belle and Sebastian,A Century of Fakers,16,1
Belle and Sebastian,Asleep on a Sunbeam,182,1
Belle and Sebastian,Beautiful,10,1
Belle and Sebastian,Black and White Unite,106,1
Belle and Sebastian,Calculating Bimbo,439,3
Belle and Sebastian,Dog on Wheels,105,2
Belle and Sebastian,"Don't Leave the Light On, Baby",21,3
Belle and Sebastian,Dress Up in You,259,3
Belle and Sebastian,I Fought in a War,21,7
Belle and Sebastian,Is it Wicked not to Care?,105,1
Belle and Sebastian,Lazy Line Painter Jane,105,1
Belle and Sebastian,Marx and Engels,83,2
Belle and Sebastian,My Wandering Days Are Over,115,2
Belle and Sebastian,"O Come, O Come, Emmanuel",49,2
Belle and Sebastian,Sea of Sorrow,689,1
Belle and Sebastian,Seeing Other People,92,1
Belle and Sebastian,Take Your Carriage Clock and Shove It,71,2
Belle and Sebastian,The Boy with the Arab Strap,105,10
Belle and Sebastian,The Fox in the Snow,105,4
Belle and Sebastian,The Model,26,8
Belle and Sebastian,The Rollercoaster Ride,68,2
Belle and Sebastian,The State I Am In,364,6
Belle and Sebastian,Today (This Army's for Peace),594,2
Belle and Sebastian,Waiting for the Moon to Rise,23,1
Belle and Sebastian,We Rule the School,221,1
Bells Larsen,514-415,781,1
Below the Sea,Black Monday for Investors,64,1
Below the Sea,Tropic of Cancer,65,4
Ben Christophers,Spoonface,83,2
Ben Christophers,The Stream,126,1
Ben Frost,Peter Venkman Pt. II,405,3
Ben Gibbard,You Remind Me of Home,183,3
Ben Lee,Career Choice,5,1
Ben Lee,Float On,198,1
Ben Lukas Boysen,Sleepers Beat Theme,599,1
Ben Sollee & Daniel Martin Moore,Sweet Marie,417,2
Ben Walker,Banish Air From Air (feat. Sophie Jamieson),712,2
Benedikt,Silver and Gold,647,1
Benedikt,Why Are You Dreaming?,723,2
Benedikt,You Might Remember,698,1
Benevento/Russo Duo,My Pet Goat,236,1
Benge,Pica Unit,127,1
Benjha,Gravity,544,1
Benoît Pioulard,Brown Bess,361,2
Benoît Pioulard,Excave,524,3
Benoît Pioulard,Margin,521,1
Benoît Pioulard,Triggering Back,289,3
Benoît Pioulard,Upon the Break Arch,606,3
Bergheim 34,Minor Throne,109,1
Bert Dockx,Albatross,616,1
Bert Dockx,Big Dreams,678,1
Bert Dockx,I'm On Fire,616,1
Bert Dockx,Interview,616,2
Bert Dockx,On the Beach,616,1
Bert Dockx,Pale Blue Eyes,627,3
Bert Dockx,Pit,673,2
Bert Dockx,Rake,627,1
Bert Dockx Band,Blankets,730,4
Best Boy Electric,Gericault,14,3
Best Parts,Broken Dreams,687,5
Best Parts,Montana,758,3
Beth Orton,Haunted Satellite,697,1
Bettie Serveert,Captain of Maybe,140,1
Bettie Serveert,Healer,21,1
Bettie Serveert,Lover I Don't Have to Love,200,1
Bettie Serveert,Palomine (Small),709,1
Bettie Serveert,Private Suit,20,1
Bettie Serveert,Second Time,34,4
Bettie Serveert,White Tales,17,1
Beulah,Calm Go the Wild Seas,10,1
Beulah,You're Only King Once,180,1
Beverly Glenn-copeland,Colour of Anyhow,628,2
Beverly Glenn-copeland,Ever New,664,2
Bewilder,An Education,741,2
Bexar Bexar,Aidos,166,2
Bexar Bexar,The Messy Message,317,1
Bianca Steck,The Child,784,2
Bibio,Dye The Water Green,528,4
Bibio,The Art of Living,617,1
Bibio,The Palm of Your Wave,394,4
Bibio & Dorian Concept,Hammock Portal,831,1
Bibio & Dorian Concept,Lichen Trip,829,1
Bichi,"Whirl // A Stream of Comfort, To Cool and Surround Me, Untill I Lose Sight of My Own Defeat",245,2
Big Eyes,Boots Locked,52,1
Big Red Machine,Latter Days (feat. Anaïs Mitchell),657,1
Big Star,Holocaust,58,1
Big Thief,Cattails,719,2
Big Thief,Change,662,6
Big Thief,Double Infinity,797,3
Big Thief,Dragon New Warm Mountain I Believe In You,676,2
Big Thief,Forgotten Eyes,642,5
Big Thief,Imagination,779,1
Big Thief,Mythological Beauty,616,2
Big Thief,Off You,644,2
Big Thief,Sparrow,659,2
Big Thief,UFOF,617,1
BIG|BRAVE,I Felt a Funeral,744,1
BIG|BRAVE,Moonset,755,2
Bike,Slide On By,23,1
Bill Callahan,All Thoughts Are Prey to Some Beast,386,14
Bill Callahan,Angela,617,1
Bill Callahan,Baby's Breath,458,3
Bill Callahan,Bowevil,700,1
Bill Callahan,Coyotes,695,2
Bill Callahan,Drover,465,2
Bill Callahan,Interview,559,1
Bill Callahan,Lonely City,808,3
Bill Callahan,Naked Souls,699,1
Bill Callahan,Pigeons,618,2
Bill Callahan,Riding for the Feeling,721,1
Bill Callahan,Small Plane,541,9
Bill Callahan,So Long Marianne,490,1
Bill Callahan,Spring,559,2
Bill Callahan,Stepping Out for Air,811,1
Bill Callahan,Sycamore,304,3
Bill Callahan,The Man I'm Supposed to Be,804,2
Bill Callahan,West Texas,815,2
Bill Callahan & Bonnie 'Prince' Billy,Blackness of the Night,623,1
Bill Callahan & Bonnie 'Prince' Billy,I've Been The One (feat. Meg Baird),632,1
Bill Callahan & Bonnie 'Prince' Billy,OD'd in Denver (ft. Matt Sweeney),624,1
Bill Callahan & Bonnie 'Prince' Billy,The Night Of Santiago (feat. David Grubbs),636,1
Bill Fay,"Jesus, etc.",510,1
Bill Ryder-Jones,A Bad Wind Blows In My Heart,529,2
Bill Ryder-Jones,And Then There's You,617,1
Bill Ryder-Jones,"Don't Be Scared, I Love You",617,2
Bill Ryder-Jones,Interview,617,1
Bill Ryder-Jones,Seabirds,617,1
Bill Ryder-Jones,Thankfully for Anthony,744,3
Billow Observatory,Red Morning,673,1
Billow Observatory,Systol Nightshade,782,1
Billy Mahonie,Drago,7,1
Billy Mahonie,Manywhere,1,1
Bing & Ruth,The How of It Sped,616,1
Bingo Trappers,Walkin' Through the Clouds,36,1
Biosphere,Angel's Flight,638,1
Biosphere,Tanss,680,1
Birch Book,How the Hours...,250,2
Birddog,Betty,82,2
Birds That Change Colour,Ask the Gallows,578,3
Birds That Change Colour,Interview,468,1
Birds That Change Colour,Playground,466,4
Birds That Change Colour,Stones,468,1
Birds That Change Colour,Woods,468,1
Bjorn Eriksson,Regen,736,1
Björk,All Is Full of Love,358,2
Björk,Crystalline,469,1
Björk,Desired Constellation,296,2
Björk,Her Mother's House,698,1
Björk,Moon,473,5
Björk,Mutual Core,514,2
Björk,Pagan Poetry,432,1
Björk,Stonemilker,594,9
Björk,Thunderbolt,476,3
Black Belt Eagle Scout,Spaces,714,1
"Black Country, New Road",Concorde,670,5
"Black Country, New Road",Snow Globes,674,1
"Black Country, New Road",The Place Where He Inserted The Blade,676,2
Black Flag,Police Story,6,1
Black Flower,Morning in the Jungle (feat. Meskerem Mees),672,3
Black Mountain,Bright Lights,355,1
Black Mountain,Buried By The Blues,437,4
Black Mountain,Heart of Snow,239,2
Black Mountain,Set Us Free,331,10
Black Mountain,Stay Free,336,3
Black Mountain,Wucan,334,1
Black Nielson,Dead Lucky,146,1
Black Nielson,Oh Phantoms,143,1
Black Sea Dahu,Affection,671,2
Black Sea Dahu,Ants on the Wall,806,2
Black Sea Dahu,Everything,814,1
Black Sea Dahu,One And One Equals Four,682,4
Black Sea Dahu,One Day Will Be All I Have,816,1
Black Sea Dahu,Transience,661,3
Black Walls,Field Two,557,2
Blackie & The Oohoos,Black Hole,519,1
Blackie & The Oohoos,Chelsea Girls,515,1
Blackie & The Oohoos,Interview,519,1
Blackie & The Oohoos,Sad & Blue,516,1
Blackie & The Oohoos,Song for Two Sisters,519,1
Blake Mills,Skeleton Is Walking,727,2
Blake Mills,Wintersong,486,2
Blimey!,Ageing Postcard,95,1
Blind Mr. Jones,Small Caravan,370,1
Blockhead,Sunday Sceance,200,1
Blonde Redhead,Elephant Woman,179,3
Blonde Redhead,En Particulier,31,2
Blonde Redhead,For the Damaged,108,6
Blonde Redhead,Four Damaged Lemons,32,3
Blonde Redhead,Futurism vs. Passéism,41,1
Blonde Redhead,Futurism vs. Passéism Part 2,14,1
Blonde Redhead,Hated Because of Great Qualities,16,16
Blonde Redhead,Heroine,306,1
Blonde Redhead,In Particular,21,2
Blonde Redhead,Led Zep,125,3
Blonde Redhead,Loved Despite of Great Faults,16,2
Blonde Redhead,Luv Machine,87,4
Blonde Redhead,Melody,190,1
Blonde Redhead,Messenger,501,2
Blonde Redhead,Misery Is a Butterfly,184,20
Blonde Redhead,Odiata per le Sue Virtú,30,3
Blonde Redhead,Penny Sparkle,435,5
Blonde Redhead,Publisher,311,1
Blonde Redhead,Slogan,69,3
Blonde Redhead,Snowman,725,3
Blonde Redhead,The One I Love,577,2
Blonde Redhead,Via Savona,733,1
Blood & Time,Remember Me,179,1
Bloomsday,Dollar Slice,751,2
BLUAI,Ceiling Stars,745,1
BLUAI,It's Gotta Be Me,828,1
BLUAI,Save It for Later,750,2
Blue Canopy & A Beacon School,Brigh Spot II,757,1
Blue Foundation,Evo,63,1
Blue Hawaii,Follow,533,3
Blue Man Group,Endless Column,45,1
Blue States,Arion,35,1
Blue States,Your Girl,34,3
Blumfeld,Verstärker,120,2
Blunt Razors,Speeding,628,1
Blur,Tender,1,2
Boards of Canada,Amo Bishop Roden,462,4
Boards of Canada,Dayvan Cowboy,250,1
Boards of Canada,In a Beautiful Place Out in the Country,44,20
Boards of Canada,Left Side Drive,278,1
Boards of Canada,Music Is Math,96,5
Boards of Canada,Reach for the Dead,534,8
Boards of Canada,Roygbiv,650,1
Boards of Canada,Seven Forty Seven,402,1
Boards of Canada,Sixtyniner,127,5
Boards of Canada,Sunshine Recorder,414,2
Boards of Canada,Tape 05,820,1
Boards of Canada,Turquoise Hexagon Sun,41,4
Boards of Canada,You Retreat in Time and Space,825,2
Bob Tilton,Beach Combing,7,1
Bobby & Blumm,B to B,349,1
Bobby & Blumm,Breakwater,345,1
Bodies of Water,Only You,355,4
Bodies of Water,"Rise Up, Careful",433,1
Boduf Songs,27th Raven's Head (Darkness Showing Through the Head of the Raven),286,2
Boduf Songs,A Brilliant Shaft Of Light From Out Of The Night Sky,528,2
Boduf Songs,Drexelius Sick Man Quarles Emblemes Closed Heaven,533,1
Boduf Songs,Fiery the Angels Fell,533,1
Boduf Songs,Grains,244,2
Boduf Songs,Interview,533,1
Boduf Songs,Long Divider,526,1
Boduf Songs,Quiet When Group,359,4
Boduf Songs,Vapour Steals the Glow,239,3
Body / Negative,Song to the Siren,754,1
Body Meπa,Horse Flower Storm/Fabuloso,653,1
Bohren & Der Club of Gore,Catch My Heart,464,1
Bohren & Der Club of Gore,Crimson Ways,165,1
Bohren & Der Club of Gore,Schwarze Biene (Black Maja),364,6
Bohren & Der Club of Gore,Staub,363,1
Bohren & Der Club of Gore,Total Falsch,630,2
Boilermaker,Slow Down,1,1
Boise Cover Band,Loving Pauper,642,1
Bomb the Bass & Lali Puna,Clear Cut,109,5
Bon Iver,Blood Bank,379,13
Bon Iver,Calgary,464,3
Bon Iver,Creature Fear,723,1
Bon Iver,Flume,350,12
Bon Iver,For Emma,500,1
Bon Iver,Holocene,479,1
Bon Iver,Interview,354,1
Bon Iver,Perth,468,13
Bon Iver,S P E Y S I D E,763,1
Bon Iver,Sessie,354,1
Bon Iver,Skinny Love,374,2
Bon Iver,The Wolves (Act I and II),479,1
Bon Iver,THINGS BEHIND THINGS BEHIND THINGS,766,1
Bon Iver,Woods,377,3
Bondo,Fishie,671,1
Bondo,Paul Gross,773,1
Bonner Kramer & Thurston Moore,Insight,817,2
Bonnie 'Prince' Billy,A King at Night,60,1
Bonnie 'Prince' Billy,A Minor Place,54,5
Bonnie 'Prince' Billy,After I Made Love to You,59,1
Bonnie 'Prince' Billy,Bananas,725,1
Bonnie 'Prince' Billy,"Boise, Idaho",778,2
Bonnie 'Prince' Billy,Bride of the Lion,816,2
Bonnie 'Prince' Billy,Cursed Sleep,281,6
Bonnie 'Prince' Billy,Death to Everyone,46,5
Bonnie 'Prince' Billy,Gloria,606,1
Bonnie 'Prince' Billy,I See a Darkness,15,10
Bonnie 'Prince' Billy,It's Time To Be Clear,580,2
Bonnie 'Prince' Billy,Keeping Secrets Will Destroy You,739,2
Bonnie 'Prince' Billy,London May,772,3
Bonnie 'Prince' Billy,Love Comes to Me,282,4
Bonnie 'Prince' Billy,May It Always Be,58,2
Bonnie 'Prince' Billy,More Brothers Ride,577,1
Bonnie 'Prince' Billy,My Life,332,3
Bonnie 'Prince' Billy,New Partner,183,3
Bonnie 'Prince' Billy,New Whaling,475,3
Bonnie 'Prince' Billy,One With the Birds,56,3
Bonnie 'Prince' Billy,Sheep,58,2
Bonnie 'Prince' Billy,The Way,134,14
Bonnie 'Prince' Billy,They Keep Trying to Find You,809,2
Bonnie 'Prince' Billy,Three Questions,133,1
Bonnie 'Prince' Billy,Today I Started Celebrating Again,10,1
Bonnie 'Prince' Billy,unknown song,321,1
Bonnie 'Prince' Billy,Whipped,586,1
Bonnie 'Prince' Billy,Why Is the Lion?,816,1
Bonnie 'Prince' Billy,"Willow, Pine and Oak",729,1
Bonnie 'Prince' Billy,"Without Work, You Have Nothing",383,3
Bonnie 'Prince' Billy,Wolf Among Wolves,247,1
Bonnie 'Prince' Billy,You Remind Me of Something (The Glory Goes),355,3
Bonnie 'Prince' Billy & Broeder Dieleman,Love Is the First Law,652,1
Bonnie 'Prince' Billy & Mariee Sioux,Loveskulls,497,1
Bonnie 'Prince' Billy & Matt Sweeney,Bed Is For Sleeping,211,6
Bonnie 'Prince' Billy & Matt Sweeney,I Gave You,240,1
Bonnie 'Prince' Billy & Matt Sweeney,Make Worry For Me,629,1
Bonnie 'Prince' Billy & Matt Sweeney,My Popsicle,648,2
Bonnie 'Prince' Billy & The Cairo Gang,That's What Our Love Is,424,4
Bonnie 'Prince' Billy & The Cairo Gang,We Love Our Hole,573,2
"Bonnie 'Prince' Billy, Nathan Salsburg & Tyler Trotter",Hear the Children Sing,760,1
Bonny Light Horseman,Keep Me on Your Mind,760,1
Bonny Light Horseman,When I Was Younger,750,1
Bonobo,Terrapin,43,1
Bony King,River Child,606,1
Bony King,Sad Rosanne,602,1
Bony King,Wisely and Slow,602,1
Boom Bip,Closed Shoulders,194,1
Boom Bip,Do's and Dont's (feat. Gruff Rhys),217,7
Boom Bip,First Walk,208,1
Boom Bip,Last Walk Around Mirror Lake,155,9
Boom Bip,Roads Must Roll,127,1
Boom Bip,The Matter (Of Our Discussion) (feat. Nina Nastasia),223,1
Boom Bip,The Use of Unacceptable Colors in Nature,396,1
Borko,Born To Be Free,516,3
Borko,Continental Love,345,2
Borko,Ding Dong Kingdom,347,3
Born Ruffians,Little Garcon,338,5
Born Ruffians,Sole Brother,422,1
Bosque Brown,Fire Fight,424,1
Bosque Brown,Interview,424,1
Bosque Brown,Oh River,417,4
Botanica,Power,125,1
Botch,Afghamistam,716,2
Bowerbirds,Death Wish,499,1
Bowerbirds,In Our Talons,359,3
Bowerbirds,Interview,499,1
Bowerbirds,Northern Lights,392,10
Bowerbirds,Revel Revel,648,1
Bowerbirds,Tuck the Darkness In,482,6
Bowerbirds,Walk the Furrows,499,1
Bowery Electric,Black Light,134,1
Bowery Electric,Passages,36,1
Bows,Speed Marina,55,1
Boxhead Ensemble,From This Point Onward,75,1
Boxstep,Love That Well,136,1
Boy In Static,First Love,307,1
Boy Scouts,That's Life Honey,658,1
Boygenius,Emily I'm Sorry,710,3
Boygenius,Revolution 0,720,2
Boygenius,Souvenir,617,3
Boygenius,Voyager,736,1
Boyhood,Don't You Dare,637,2
Br. Danielson,Interview,211,1
Br. Danielson,Perennial Wine,211,1
Br. Danielson,Physician Heal Yourself,195,3
Bracken,Four Thousand Style,297,1
Bracken,Heathens,303,2
Braid,I Keep a Diary,11,1
Braid,I'm Glowing and You're the Reason,1,1
Braids,Lammicken,449,7
Braids,Near Enough,536,1
Brando,While We Got the Time,98,2
Brave Captain,Raining Stones,45,1
Brendan Canning,Been at It So Long,359,2
Brennt Vanneste,Carousel,805,2
Brennt Vanneste,Deep Down Here,808,3
Brennt Vanneste,Emo Emoji Meltdown,795,1
Brennt Vanneste,If I See You,773,3
Brennt Vanneste,Like a Train,794,1
Brevin Kim,It Was Nice To See You,707,2
Brian Eno & Beatie Wolfe,Part of Us,799,1
Brian McBride,Our Last Moment in Song,244,3
Bright Eyes,A Poetic Retelling of an Unfortunate Seduction,69,1
Bright Eyes,All Threes (feat. Cat Power),763,2
Bright Eyes,Amy in the White Coat,132,1
Bright Eyes,Approximate Sunlight,452,2
Bright Eyes,Biggest Lie,250,1
Bright Eyes,Blue Christmas,169,1
Bright Eyes,Coat Check Dream Song,310,1
Bright Eyes,Drunk Kid Catholic,67,12
Bright Eyes,Dyslexic Palindrome (feat. Hurray for the Riff Raff),797,2
Bright Eyes,Flirted With You All My Life,639,2
Bright Eyes,Gold Mine Gutted,215,5
Bright Eyes,"Haligh, Haligh, a Lie, Haligh",43,10
Bright Eyes,"Haligh, Haligh, A Lie, Haligh (feat. Phoebe Bridgers)",675,2
Bright Eyes,Landlocked Blues,253,1
Bright Eyes,Lover I Don't Have to Love,115,15
Bright Eyes,Lua,205,5
Bright Eyes,"No Lies, Just Love",57,6
Bright Eyes,No One Would Riot For Less,309,10
Bright Eyes,"Oh, You Are the Roots that Sleep Beneath my Feet and Hold the Earth in Place",89,1
Bright Eyes,Old Soul Song (For The New World Order),695,1
Bright Eyes,One Foot in Front of the Other,155,1
Bright Eyes,Persona Non Grata,623,1
Bright Eyes,Sharp Cutting Wings (Song to a Poet (feat. Leslie Stevens),801,1
Bright Eyes,Something Vague,40,1
Bright Eyes,The Difference in the Shades,691,1
Bright Eyes,We Are Free Men,118,1
Bright Eyes,We Are Nowhere and It's Now,209,15
Bright Eyes,When the Curious Girl Realizes She Is under Glass,51,1
Bright Eyes,When the President Talks to God,231,2
Bright Eyes & Britt Daniel,Southern State,188,3
Bright Eyes & Neva Dinova,No One Would Riot For Less,733,1
Bright Eyes & Neva Dinova,Poison,187,4
Brightblack Morning Light,Past a Weatherbeaten Fencepost,367,4
brittle brian,Hell Time One,697,1
Brns,Last Gaze,581,2
Brns,My Head Is Into You,574,4
Brns,Void,583,1
Broadcast,Chord Simple,20,2
Broadcast,Echo's Answer,11,3
Broadcast,Follow the Light,753,1
Broadcast,Illumination,39,1
Broadcast,Paper Cuts,6,1
Broadcast,Pendulum,147,1
Broadcast,Tears in the Typing Pool,798,1
Broadcast,The World Backwards,135,1
Broadcast,Unchanging Window,10,9
Broadcast,Winter Now,164,1
Broadway Project,Plants and Leaves,57,1
Brokeback,Interview,158,1
Brokeback,"Name's Winston, Friends Call Me James",127,2
Brokeback,Sessie,158,1
Broken Bells,Citizen,427,4
Broken Dog,Alone with a Pounding Heart,181,1
Broken Dog,Brilliant Things,85,1
Broken Dog,The Sleepers Sleep,88,1
Broken Social Scene,Cause = Time,299,8
Broken Social Scene,Life Within the Ground,823,2
Broken Social Scene,Lover's Spit,173,25
Broken Social Scene,Not Around Anymore,813,2
Broken Social Scene,Puff the Magic Dragon,271,3
Broken Social Scene,Sweetest Kill,429,12
Broken Social Scene,The House Is On Fire,671,2
Broken Social Scene,World Sick,419,5
Broken Twin,In Dreams,574,7
Broken Twin,Out of Air,573,1
Bronnt Industries Kapital,An Index of Corporate Art,381,2
Bronze Age Fox,The Most Beautiful Girl in the World,82,1
Brueder Selke & Midori Hirano,Scale A,780,2
Bruiser and Bicycle,Waterfight,798,1
Bruit ≤,Les temps perdus,715,1
Bruit ≤,Progress / Regress,788,2
Bruit ≤,Renaissance,648,2
Bruit ≤,The Machine Is Burning,646,3
Bruno Bavota & Chantal Acda,Everything Collides,698,3
Bry Webb,Undertaker,482,2
Bryan Ferry & Amelia Barratt,Florist,782,2
Buck Meek,Beauty Opens Doors,743,1
Buck Meek,Can I Mend It?,818,1
Buck Meek,Candle,632,1
Buck Meek,Gasoline,809,1
Buck Meek,Paradise,729,2
Buck Meek,Two Moons,634,2
Buffalo Daughter,Ivory,101,1
Buffalo Tom,Crutch,16,2
Buffoon,Strange,442,2
Built to Spill,Car,20,8
Built to Spill,Cleo,68,7
Built to Spill,Cortez the Killer - live,20,2
Built to Spill,Else,32,3
Built to Spill,Fool's Gold,694,2
Built to Spill,Horizon to Cliff,608,2
Built to Spill,I Would Hurt a Fly,21,2
Built to Spill,Now and Then,39,1
Built to Spill,Nowhere Lullaby,403,7
Built to Spill,The Plan,2,8
Built to Spill,The Weather,74,2
Built to Spill,Traces,272,16
Built to Spill,Twin Falls,110,2
Burial & Four Tet,Wolf Club,392,1
Burial & Four Tet & Thom Yorke,His Rope,631,2
Burial & Four Tet & Thom Yorke,Mirror,458,2
Burning Airlines,The Surgeon's House,64,7
butch kassidy,Ascend,808,1
Butterglory,Boy Burning Down,46,1
Buzzy Lee,Spoiled Love,638,1
Byland,Lean In,744,1
C-Clamp,Deep Green,29,1
Cabane,Dead Song Pt. 1 (feat. Sam Genders),738,3
Cabane,"Dead Song, Pt. 1 (feat. Kate Stables)",745,1
Cabane,Interview,745,1
Cabane,La Gomera (feat. Bonnie 'Prince' Billy & Sean O'Hagan),592,2
Cabane,Let It Go,765,1
Cabane,Melodies of Love (feat. Kate Stables),745,3
Cabane,"Take Me Home, Pt. 1 (feat. Bonnie 'Prince' Billy)",631,1
Cabane,Today (feat. Sam Genders),720,1
Cake Like,Pretty New,28,1
Calexico,All Systems Red,266,1
Calexico,All the Pretty Horses,480,1
Calexico,Ballad of Cable Hogue,16,2
Calexico,Black Heart,130,9
Calexico,Bloodflow,55,4
Calexico,Chanel #5,44,2
Calexico,Chasing Carri,20,1
Calexico,Crooked Road and the Briar,33,2
Calexico,Cruel,268,1
Calexico,Drenched,12,1
Calexico,Follow the River,606,3
Calexico,Not Even Stevie Nicks...,135,8
Calexico,Red Blooms,359,11
Calexico,Service & Repair,31,4
Calexico,Sonic Wind,12,9
Calexico,The Crystal Frontier,38,2
Calexico,The Ride Pt. 2,85,4
Calexico,The Vanishing Mind,508,2
Calexico,Woven Birds,137,19
calexico ft. valerie leulliot,"Sundown, Sundown",111,2
Calicos,"Love, Where Have You Been",772,3
Califone,Electric Fence,17,3
Califone,Krill,414,2
Califone,Moonbath.Brainsalt.A.Holy.Fool,540,3
Califone,Needle In the Hay,621,1
Califone,Ox-Eye,723,1
Califone,Spider's House,285,10
Califone,St. Martha Let It Fold,19,1
Califone,Stepdaughter,144,1
Califone,The Bullet B4 the Sound,781,2
Califone,Trick Bird,173,2
Califone,Trout Silk,75,1
Calla,Astral,135,2
Calla,Fear of Fireflies,42,7
Calla,Love of Ivah,45,1
Calla,Strangler,147,2
Calla,This Better Go as Planned,250,1
Calla,Your Worst Enemy,818,1
Calvin Love,Lavender,661,1
Camera Obscura,Books Written for Girls,194,1
Cameron Winter,Cancer of the Skull,773,1
Camille Camille,Atlas,655,1
Camille Camille,Be Kind,642,3
Camille Camille,Dove or the Devil,825,1
Camille Camille,Golden,632,2
Camille Camille,In a Song,814,2
Camille Camille,Saga's Lullaby,822,1
Camille Camille,Strawberry Moon,678,2
Camille Camille,To And Fro,659,2
Camping,Self Starter,252,1
Candy Machine,6 Months of Light,4,1
Canon Blue,Target Practice,332,3
CANT,Bang,470,3
CANT,Believe,478,2
Canyon,At the Mouth,58,3
Canyon,Canyons,60,1
Canyon,Mansion on the Mountain,170,1
Canyon,The Long Weekend,151,3
Canyon,Wheat Penny,90,1
Caoilfhionn Rose,Fall into Place,752,4
Caoilfhionn Rose,Momentary,759,1
Capitol K,City,93,1
Capitol K,Production No.,8,2
Captain Beefheart,Veteran's Day Poppy,6,1
Car Seat Headrest,Reality,789,1
Car Seat Headrest,There Must Be More Than Blood,618,1
Careful,It's Funny,508,1
Caribou,After Hours,321,7
Caribou,Melody Day,422,2
Caribou,She's The One,320,1
Carla Del Forno,Clusters,621,1
Carla Del Forno,Side By Side,704,1
Carla Del Forno,Took a Long Time,617,1
Carm,Already Gone (feat. Georgia Hubley & Ira Kaplan),636,1
Carm,Song of Trouble (feat. Sufjan Stevens),633,3
Carmen Villain,Two Towns,526,1
Caroline,Dark Blue,628,4
Caroline,Good Morning (Red),673,1
Caroline,I'll Leave My Heart Behind,269,1
Caroline,IWR,667,3
Caroline,U R UR ONLY ACHING,793,2
Caroline,Where's My Love,249,7
Caroline,Winter,265,5
Caroline Rose,Love / Lover / Friend,701,1
Carp,Morning Sheffield,291,1
Carrera,That Time of the Year,117,1
Casavettes,Fold,756,2
Casiotone for the Painfully Alone,Cold White Christmas,263,1
Casiotone for the Painfully Alone,Don't They Have Payphones Wherever You Were Last Night,264,4
Casiotone for the Painfully Alone,New Year's Kiss,262,1
Casiotone for the Painfully Alone,Streets of Philadelphia,378,1
Casiotone for the Painfully Alone,White Jetta,382,2
Caspar Auwerkerken,Hyacinth,676,1
Caspar Auwerkerken,In Skies,701,3
Caspar Auwerkerken,Interview,732,1
Caspar Auwerkerken,The Hunter,709,4
Caspar Auwerkerken,The Pond,806,1
Caspar Auwerkerken,Untitled,725,3
Caspar Auwerkerken,Woodland,816,1
Casper Clausen,Ocean Wave,631,2
Caspian,Hymn For the Greatest Generation,545,1
Cass McCombs,A Comedian Is Someone Who Tells Jokes,174,5
Cass McCombs,Country Line,459,3
Cass McCombs,Cuckoo,219,1
Cass McCombs,Full Moon or Infinity,332,3
Cass McCombs,I Went to the Hospital,172,2
Cass McCombs,Meet Me Here at Dawn,177,1
Cass McCombs,Missionary Bell,799,2
Cass McCombs,The Wine of Lebanon,622,3
Cass McCombs,Your Mother and Father,138,2
Cass McCombs & Chris Cohen,Steel Reserve,816,2
Cassandra Jenkins,American Spirits,667,1
Cassandra Jenkins,Crosshairs,637,5
Cassandra Jenkins,Delphinium Blue,758,4
Cassandra Jenkins,Devotion,761,1
Cassandra Jenkins,Hard Drive,635,1
Cassandra Jenkins,It's You,676,1
Castanets,A Song Is Not the Song of the World,257,1
Castanets,Strong Animal,322,9
Casually Here,Pale Blue Dot,678,2
Casually Here,Rhubarb Skies,683,1
Cat Power,Babydoll,139,2
Cat Power,Bad Religion,666,2
Cat Power,Cherokee,505,8
Cat Power,Come On in My Kitchen,95,1
Cat Power,Could We,289,1
Cat Power,Cross Bones Style,48,8
Cat Power,Dark End of the Street,372,2
Cat Power,Dreams,269,1
Cat Power,Fool,130,4
Cat Power,Good Woman,143,3
Cat Power,Here Comes a Regular,672,2
Cat Power,I Don't Blame You,138,9
Cat Power,I Found a Reason,8,2
Cat Power,I Think of Angels,657,1
Cat Power,King Rides By (New Version for Manny Pacquiao Charity Video),482,4
Cat Power,Maybe Not,145,14
Cat Power,Metal Hearts,731,1
Cat Power,Mr. Tambourine Man,737,2
Cat Power,Nude as the News,66,7
Cat Power,Red Apples,7,4
Cat Power,Say,5,5
Cat Power,She Belongs to Me (Live at the Royal Albert Hall),793,1
Cat Power,Song to Bobby,339,3
Cat Power,The Devil's Daughter,7,1
Cat Power,The Greatest,247,12
Cat Power,Troubled Waters,47,1
Cat Power,Wild Is the Wind,324,4
Cat Power,Willie,258,10
Cat's Eyes,Coat of Arms,598,3
Catbug,Oude zomers,659,2
Catbug,Reiger,766,2
Caveman,Easy Water,484,1
Cedric Noel,Nighttime (Skin),655,1
Celestial Wolves,Autumn's Dew,799,1
Centenaire,Strong,334,1
Centro-matic,Flashes and Cables Relax/Recline,190,1
Centro-matic,Members of the Show Them How It's Done,34,4
Centro-matic,The Panacea Tonight,33,1
Cerberus Shoal,"Yes Sir, No Sir",41,1
Cex,Cex at Arm's Length,151,1
Cex,First for Wounds,115,3
Cex,Get in yr Squads,223,1
Cex,Your Handwriting When You Were a Child in the Winter,260,1
Chacda,All Things Shining,242,3
Chacda,Interview,243,1
Chacda,Sessie,243,1
Chad VanGaalen,After the Afterlife,241,10
Chad VanGaalen,Bones of Man,493,1
Chad VanGaalen,Do Not Fear,468,1
Chad VanGaalen,Flower Gardens,281,1
Chad VanGaalen,Interview,493,1
Chad VanGaalen,Lila,567,5
Chad VanGaalen,Sing Me 2 Sleep,283,9
Chad VanGaalen,Weighed Sin,493,1
Chad VanGaalen,Where Is It All Going?,642,2
Chad VanGaalen,Willow Tree,359,8
Chairlift,Somewhere Around Here,375,2
Chantal Acda,Conflict Of Minds,644,1
Chantal Acda,Interview,547,2
Chantal Acda,Jason,740,1
Chantal Acda,Own Time,547,1
Chantal Acda,Safety,799,1
Chantal Acda,Saturday Moon,640,2
Chantal Acda,Up and Down,610,1
Chantal Acda,Wintercoat,546,10
Chantal Acda & Piet De Pessemier,Eyepennies,525,1
Chantal Acda & Piet De Pessemier,Interview,525,1
Chantal Acda & The Atlantic Drifters,Above,764,1
Chantal Acda & The Atlantic Drifters,One Day One Life,764,1
Chantal Acda & The Atlantic Drifters,Seafoam,758,2
Chantal Acda & The Atlantic Drifters,Silently Held,751,2
Chantal Acda & The Atlantic Drifters,The Friends Parade,745,1
Chapelier Fou,Hémisphère ouest,421,2
Charalambides,Final,292,1
Charge Group,Redcoats & Convicts,389,2
Charles Atlas,The Deadest Bar,199,2
Charlie Hickey,Notre Dame,3,5
Charlotte Cornfield,Living With It (feat. Fesit),813,1
Charlotte Cornfield,Lost Leader,816,1
Charlotte Cornfield,Number,819,1
Charlottefield,The Flood,115,1
Chartreuse,Enough to Make You Laugh,819,2
Chartreuse,Fold,795,1
Chartreuse,I'm Losing It,792,2
Chartreuse,Satellites (feat. Orlando Weeks),694,1
Chavez,Unreal Is Here,4,3
Checksum,Porch,9,1
Chelsea Hodson,Belong to Nobody,799,2
Chelsea Light Moving,Heavenmetal,529,5
Chelsea Wolfe,The Waves Have Come,539,1
chelsea wolfe & Emma Ruth Rundle,Anhedonia,635,4
Chewy,Back to School,32,2
Chewy,You Don't Deserve Me,25,2
Chief,Mighty Proud,427,3
Chilly Gonzales,Snow is falling in Manhattan (Ft. Jarvis Cocker &amp; Feist),630,1
Choir of Young Believers,Hollow Talk,401,3
Chokebore,Distress Signals,33,1
Chokebore,Police,103,3
Chokebore,Speed of Sound,10,1
Chokebore,The Sweetness,53,1
Chorusing,Blue Ridge,657,2
Chris Brokaw,100 Faces,154,1
Chris Brokaw,Depending,635,1
Chris Brokaw,Eye of Fatima,154,1
Chris Brokaw,In Love With Yourself,209,2
Chris Brokaw,Interview,154,1
Chris Brokaw,Into the Woods,530,1
Chris Brokaw,My Idea,154,2
Chris Brokaw,Puritan,636,1
Chris Cohen,Damage,757,2
Chris Cohen,Monad,516,2
Chris Lee,City Woman,92,1
Chris Leo,Let the Formula Forge Itself Fantastic,216,2
Chris Walla,It's Unsustainable,341,2
Chrissie Hynde,County Line (feat. Alan Sparhawk),803,1
Christian Kleine,Bitter Things,31,2
Christian Kleine,Carez,94,11
Christian Kleine,Handsome Used,190,1
Christian Kleine,Stations,186,2
Christian Lee Hutson,Age Difference,684,1
Christian Löffler,Dir Jehova,637,4
Christian Löffler,Haul (feat. Mohna),686,1
Christian Löffler,Pastoral,634,1
Christie Front Drive,Lot,91,1
Christina Vantzou,Going Backwards to Recover What Was Left Behind,556,6
Christina Vantzou,Homemade Mountains,488,1
Christophe Stoll & Jukka Reverberi,Start Today,165,1
Chroma Key,Graveyard Mountain Home,207,1
Chromatics,Into the Black,499,1
Chromatics,Running from the Sun,497,5
Chromatics,White Light,588,2
Chune,One Man Dream Machine,4,1
Chuzzlewit,Copernican,64,1
CHVE,Eternit,760,1
Cibelle,Phoenix,266,8
Cigarettes After Sex,Anna Karenina,803,1
Cigarettes After Sex,K.,652,1
Cinder Well,Ashes,830,2
Circlesquare,The Theme for Tonight,172,1
Circulatory System,Inside Blasts,173,2
Ciska Ciska,Angel,821,2
City and Colour,Day Old Hate,252,1
City Center,Bleed Blood,390,2
Claire Rousay,iii,765,3
Claire Rousay,It Could Be Anything,753,1
Claire Rousay,Please 5 More Minutes (feat. Lala Lala),757,1
claire rousay & Helena Deland,Deceiver,723,1
Clairo,Blouse,654,2
Clara Mann,Til I Come Around,770,1
Clare & the Reasons,Interview + Sessie,426,1
Clare & the Reasons,Pluto,364,2
Clare & the Reasons,You Got Time,421,2
Clark,Citrus,645,2
Clark,Green Breaking,761,1
Clark,Medicine (feat. Thom Yorke),725,1
Clark,Small,635,2
Claud,Crumbs,727,1
Clear Horizon,For Days,208,1
Cleast Eatwood,Electric Feel,417,1
Cleopatrick,Heat Death,789,1
Clinic,Goodnight Georgie,17,1
Clinic Stars,Toughtless,765,1
Cloakroom,Fear Of Being Fixed,674,1
Clock Strikes Thirteen,I Blinked My Eyes and You Were Gone,9,1
Clogs,I'm Very Sad,101,1
Clogs,Lantern,263,9
Closer Musik,One Two Three (No Gravity),16,1
Cloth,Ambulance,724,2
Cloth,Sidecar,699,1
Cloud Boat,Bastion,473,5
Cloud Boat,Carmine,572,1
Cloud Control,Gold Canary,420,1
cLOUDDEAD,Dead Dogs Two,175,3
cLOUDDEAD,Pop Song,178,2
Club Diana,Let Tomorrow Be Today,49,3
Clue To Kalo,The Just Is Enough,239,2
Clues,Ledmonton,390,3
Cobolt,New Life,47,1
Coco,Do This Right,741,2
CocoRosie,Beatiful Boyz (2024),749,1
CocoRosie,Beautiful Boyz,203,10
CocoRosie,Bloody Twins,308,1
CocoRosie,By Your Side,315,1
CocoRosie,Gravediggress,523,3
CocoRosie,Honey or Tar,277,1
CocoRosie,Ice Cream & Sage,239,1
CocoRosie,Joseph City,393,3
CocoRosie,K-Hole,239,3
CocoRosie,Lemonade,431,3
CocoRosie,Noah's Ark,291,2
CocoRosie,Promise,308,1
CocoRosie,R.I.P. Burn Face (2024),751,1
CocoRosie,Smokey Taboo,425,3
CocoRosie,Terrible Angels,183,6
CocoRosie,Vampire,533,1
CocoRosie,Werewolf,299,8
Cocteau Twins,Ice Pulse,252,1
Cocteau Twins,Seekers Who Are Lovers,250,1
Cocteau Twins,Wolf in the Breast,37,1
Codeine,Atmosphere,27,5
Codeine,Barely Real,783,1
Codeine,D,12,7
Codeine,Hard to Find,667,1
Codeine,New Year's,58,7
Codeine,Realize,400,1
Codeine,Sea,694,1
Codes in the Clouds,Cold Calls,448,1
Codes in the Clouds,Distant Street Lights,442,1
Codes in the Clouds,You And I Change Like Seasons,449,2
Codes in the Clouds,You Are Not What You Think You Are,404,2
COEM,Ghosts Outside,187,2
Cokiyu,Twinkle Way (with Baths),525,1
Cold Ghost,Nobody's Home (There's Always a Crow) (feat. Andrew Tuttle),713,2
Cold Specks,Heavy Hands,504,1
Cold Specks,Holland,506,1
Cold Specks,Interview,504,1
Coldcut,The Fire Burns Out,670,1
Coldharbourstores,All That Matters Now,19,1
Coldplay,Careful Where You Stand,11,2
Coldplay,Don't Panic,27,1
Coldplay,For You,13,2
Coldplay,Spies,25,1
Coldplay,Trouble,28,1
Colin Stetson,Passage,724,1
Colin Stetson,Un fin,650,1
Colin Stetson And Sarah Neufeld,With the Dark Hug of Time,607,3
Colleen,I'll Read You a Story,252,1
Colleen,Sea Of Tranquility,308,6
Colleen,The Crossing,651,1
Colleen,The Golden Morning Breaks,239,4
Colleen Green,I Believe In Love,668,2
Color Filter,Blue,22,1
Come,German Song,14,16
Common Holly,Aegean Blue,788,1
Companion,How Should I Have Known,670,1
Companion,If I Were a Ghost,689,1
Complete Mountain Almanac,August,712,1
Composer,Check Chuck,499,1
Confuse the Cat,Subdued Elegance,157,3
Conor Oberst,Governor's Ball,566,1
Conor Oberst,Hundreds of Ways,571,1
Conor Oberst,Interview,571,1
Conor Oberst,Lenders in the Temple,359,1
Conor Oberst,Million Dollar Bill,660,1
Conor Oberst,You Are Your Mother's Child,571,5
Conquering Animal Sound,Bear,447,5
Conquering Animal Sound,Flinch,459,1
Conquering Animal Sound,Interview,459,1
Console,Dubdomen,86,2
Console,The Times They Are Not A-Changin,134,1
Constant Follower,Whole Be,783,2
Constant Smiles,Allowed to Be,802,1
Constant Smiles,"Daisy, Table For Three",663,1
Constantines,Hotline Operator,250,1
Constantines,Lizaveta,244,2
Constantines,Shine a Light,175,5
Constantines & Feist,Islands in the Stream,350,4
Contriva,Stuck,8,1
Coparck,Venus as a Boy,176,1
Copenhagen,Happy Ever After,83,2
Copenhagen,Soldier,211,1
Corker / Conboy,Akka,100,1
Corker / Conboy,Blue Skies,269,1
CORNELIUS,Brazil,92,1
CORNELIUS,Omstart,313,1
CORNELIUS,Star Fruits Surf Rider,8,1
CORNELIUS,Tone Twilight Zone,93,2
Corridor,Mon argent,752,1
Cortney Tidwell,Son & Moon,395,2
Cory Hanson,Angeles,633,1
Cory Hanson,Another Story From The Center Of The Earth,646,1
Cory Hanson,Bird Of Paradise,641,2
Cory Hanson,Lou Reed,795,3
Cotton Mather,Pine Box Builder,93,1
Couch,Alle auf Pause,98,1
Couch,Heimweg 78,40,2
Couch,Ich bei davor,10,1
Couch,Nah Dran,73,3
Cougar,Appomattox,401,1
Cougar,Your Excellency,254,5
Courtney Barnett,Another Beautiful Day,819,1
Courtney Barnett,Depreston,602,2
Courtney Barnett,Don't Do It (feat. Vagabon),644,1
Courtney Barnett,Here's the Thing,669,1
Courtney Barnett,Lotta Love,780,1
Courtney Barnett,Out of the Woodwork,553,4
Crack Cloud,Lost on the Red Mile,761,1
Craig Armstrong,In My Own Words,209,1
Craig Armstrong,Nocturne 8 (aus Reprise),742,1
Craig Armstrong,Wake Up in New York,103,5
Craig Armstrong ft. Antye Greie-Fuchs,Wake Up in New York,133,1
Crane Like The Bird,All I Can Do Is Ride (feat. Buck Meek),681,2
Cranes,Driving in the Sun,75,1
Craven Faults,Lampes Mosse,763,1
Craven Faults,Odda Delf,717,1
Craven Faults,Three Loaning End,811,1
Craven Faults,Waste & Demesne,767,1
Craven Faults,Yard Loup,815,1
Crescent,Fountains,156,4
Criminal,We Will Rock You,45,1
Crisman,Glue,652,1
Cross Record,Charred Grass,779,2
Cross Record,Twisted Up Fence,787,1
Crystal Antlers,We All Gotta Die,541,4
Cubenx,Grass,503,1
Curbside Lambsear,Uneasy,829,1
Curiosity Shop,Crows,827,1
Current 93,"Idumea (Vocals Bonnie ""Prince"" Billy)",275,2
Current Joys,American Honey,645,1
Current Joys,Rebecca,650,1
Cursive,Making Friends and Acquaintances,79,1
Cursive,The Recluse,154,2
Cyann & Ben,Beyond Reality,153,2
Cyann & Ben,Siren Song,152,3
Cyann & Ben,Sunny Morning,310,2
Cyann & Ben,Sweet Beliefs,281,2
Cynthia Dall,The Party,127,1
D.D Dumbo,Tropical Oceans,577,3
DAAU,Osloër Strasse,549,1
DaFFo,Winter Hat,770,1
Dagmar Zuniga,Even God Gets Stuck in Devotion,817,1
Daily Toll,Waiting Game,794,1
Daisy Rickman,Signpost to the Stars,751,2
Dakota Suite,Elegy for a Funeral (Departure),32,1
Dakota Suite,I See Your Tears,511,1
Dakota Suite,If You've Never Had to Run Away,514,3
Dakota Suite,Mood Indigo,46,1
Dakota Suite,One Day Without Harming You,370,1
Dakota Suite,The Lepers Companion,116,5
Dakota Suite,The Way I Am Sick,100,1
Dakota Suite,To Make You Whole Again,475,1
Damien,Damien,721,2
Damien Jurado,Abilene,184,1
Damien Jurado,Allocate,619,2
Damien Jurado,And Now That I'm in Your Shadow,290,1
Damien Jurado,Arkansas,420,3
Damien Jurado,Big Decision,239,2
Damien Jurado,Cheryl Retreats,826,1
Damien Jurado,Cloudy Shoes (Live at St. Mark's Cathedral),771,1
Damien Jurado,December,48,2
Damien Jurado,"Denton, TX",282,2
Damien Jurado,Get Ready to Come With Us,738,1
Damien Jurado,Helena,639,2
Damien Jurado,Interview,489,1
Damien Jurado,Intoxicated Hands,142,18
Damien Jurado,Medication,93,1
Damien Jurado,Metallic Cloud,554,4
Damien Jurado,Museum of Flight,489,1
Damien Jurado,Neiman Marcus,715,1
Damien Jurado,Now You're Swimming,158,1
Damien Jurado,Passing the Elephants,734,1
Damien Jurado,Rachel & Cali,431,5
Damien Jurado,Ralph A. Hughes (2025),776,1
Damien Jurado,Roger,683,1
Damien Jurado,Saturday Into Sunrise,830,2
Damien Jurado,Sheets,362,4
Damien Jurado,Silver Timothy,558,2
Damien Jurado,Song for Langston Birch,650,2
Damien Jurado,Sucker,241,1
Damien Jurado,Take Your Time,660,3
Damien Jurado,This Time Next Year,483,7
Damien Jurado,Tonight I Will Retire,48,4
Damien Jurado,Tornado,3,5
Damien Jurado,Upstate,307,1
Damien Jurado,What Happened To The Class Of '65?,679,2
Damien Jurado,Working Titles,489,1
"Damien Rice, Sandrayati Fay & JFDR",Song for Berta,287,2
Damon & Naomi,Beautiful Close Double,221,5
Damon & Naomi,Judah and the Maccabees,41,3
Damon & Naomi,On The Aventine,326,2
Damon & Naomi,Sailing By,656,1
Damon & Naomi,Tanka,40,1
Damon & Naomi,The Mirror Phase,40,4
Damon & Naomi,This Car Climbed Mt. Washington,377,1
Damon & Naomi,Turn of the Century,112,1
Damon Albarn,Particles,657,1
Damon Albarn,"The Nearer the Fountain, More Pure the Stream Flows",656,1
Damon Che,"Oh, Suzanna",64,1
Dan English,Serenity,776,1
Dan Mangan,In Your Corner (For Scott Hutchison),686,1
Dan Mangan,Just Know It,702,1
Dan Mangan + Blacksmith,Kitsch,595,3
Dana Gavanski,At Last I Am Free,620,1
Dana Margolin,Big Beautiful Sound,831,1
Danger Mouse & Sparklehorse,Dark Night of the Soul (feat. David Lynch),776,1
Danger Mouse & Sparklehorse,Revenge (feat. The Flaming Lips),392,8
Daniel Avery,New Faith,705,1
Daniel Blumberg,Clothed by the Sun (feat. Amanda Seyfried),808,1
Daniel Johnston,History of Our Love,275,4
Daniel Johnston,Syrup of Tears,242,1
Daniel Johnston,True Love Will Find You in the End,718,1
Daniel Martin Moore,In the Cool of the Day,452,2
Daniel Norgren,Going To the City,678,1
Daniel Norgren,Why May I Not Go Out and Climb the Trees,607,4
Daniel O'Sullivan,Dora and Azalia,732,1
Daniel Rossen,Keeper and Kin,684,1
Daniel Rossen,Saint Nothing,486,3
Daniel Rossen,Shadow In The Frame,674,3
Daniel Rossen,Unpeopled Space,678,2
Daniel Rossen,Up On High,490,2
Daniel Rossen,Waterfall,400,2
Danielson,Did I Step On Your Trumpet,270,6
Dans Dans,Htes to vradi sto teke mas,587,1
Dans Dans,Interview,535,2
Dans Dans,Naiad,643,5
Dans Dans,Palm,696,3
Dans Dans,Some Are,535,1
Dans Dans,Yesterday Is Here,530,5
Dark Captain Light Captain,Everyone We Know,370,3
Dark Dark Dark,Daydreaming,462,12
Dark Dark Dark,It's a Secret,507,1
Dark Dark Dark,Meet in the Dark,507,1
Dark Dark Dark,Something Was There,731,2
Dark Dark Dark,Tell Me,509,3
Dark Dark Dark,The Great Mistake,505,2
Darkside,Golden Arrow,539,12
Darkside,The Question Is To See It All,657,2
Darkstar,Timeaway,516,1
Darkstar,Under One Roof,440,3
Daudi Matsiko,Derby's Dose,744,2
Daudi Matsiko,Fool Me as Many Times as You Like,729,1
Daudi Matsiko,How Can I Love? (feat. Rioghnach Connolly),805,1
Daughn Gibson,Back With the Family,612,2
Daughter,Home,545,2
Daughter,Interview,525,1
Daughter,Isolation,720,2
Daughter,Medicine,477,10
Daughter,Not Enough,810,2
Daughter,Party,713,2
Daughter,Still,521,1
Daughter,Tomorrow,525,1
Daughter,Youth,525,16
David Allred,Daylight,663,1
David Allred,Hey Stranger (Take 2),739,2
David Allred,Look,780,1
David Allred,Wave,671,1
David Bazan,Hard to Be,398,2
David Bazan,Revelator,651,1
David Freel,Interview,69,1
David Freel,Sessie,69,1
David Grubbs,A Dream to Help Me Sleep,109,5
David Karsten Daniels,Minnows,297,2
David Karsten Daniels,That Knot Unties?,348,1
David Kitt,All Night Long,225,1
David Kitt,Pale Blue Light,78,4
David Kitt,"Song from Hope St. (Brooklyn, NY)",79,1
David Kitt,Teenage Riot,205,1
David Kitt,With You,225,1
David Lang,Pain Changes,564,2
David Martijn,Holy Rosita,748,2
David Poe,Blue Glass Fall,31,2
David Sylvian,A Certain Slant of Light,467,1
David Thomas And Two Pale Boys,Surf's Up,73,1
David Åhlén,Linger (feat. Timbre),595,2
Davide Balula,Eburn (9V),155,2
Davide Balula & Domotic,Pure Glace,138,2
Dawn McCarthy & Bonnie 'Prince' Billy,My Little Yellow Bird,525,2
Dawn of the Replicants,Mary Louise,33,1
Dawn Smithson,Letter to the Empire,243,1
Dawn Smithson,Nowhere Near,248,1
Dawn Smithson,Somewhere Far,268,1
Dawn's music,Suspicion,305,2
Day One,"Walk Now, Talk Now",10,1
Dazerdoreal,Apocalyptic Happiness,28,3
De Facto,Vesica Pices,60,5
De Kift,Achterboeg,40,1
De Kift,Nauwe Mijter,81,1
De Mannen Broeders,Sober maal,766,1
De Portables,Adolphe,666,1
De Portables,Anal Intruder,162,2
De Portables,Analkoestisch,180,1
De Portables,Angela vs. Neil,408,3
De Portables,Attack of the Drones,180,1
De Portables,Bathysphere,413,1
De Portables,Beauty and the Beat,164,1
De Portables,Bert Tres Emo,822,1
De Portables,Boobies,107,1
De Portables,Breasts,135,1
De Portables,Bulletbabe,329,1
De Portables,Col Phillins,326,1
De Portables,Collective Disguise,680,6
De Portables,Daddy Abraham,507,3
De Portables,Even in the Social Distance,634,1
De Portables,Hawaii,165,16
De Portables,Interview,180,4
De Portables,P-Dance,16,1
De Portables,Planet Duyster,774,1
De Portables,Poisonous Ivy,94,2
De Portables,Rosegarden,93,1
De Portables,Show Me Your Boobies,84,1
De Portables,Soldiers of Love,159,1
De Portables,Superdedubber,325,2
De Portables,The Final Arrangement,520,1
De Portables,The Riddesonofa,166,1
De Portables,The Spring Summer Turned into Winter,629,1
De Portables,Valentine,60,2
De Portables,Vegetarian BBQ,296,1
De Portables,What Would Genghis Do?,329,1
De Portables,Xmas,6,2
De Rosa,A Love Economy,377,3
Dead Gowns,Everything You Wanted,800,2
Dead Man Ray,Ebola,5,1
Dead Man Ray,Ham,14,2
Dead Man Ray,Toothpaste,3,1
Deadharrie,Already Won,730,1
Deadharrie,Jubilee,704,2
Deadharrie,Killswitch,691,1
Deadharrie,Showing You the Ropes,796,2
Deadhorse,No Particular Night or Morning,496,1
Deaf Center,An Existing Place,821,1
Deaf Center,Follow Still,577,1
Deaf Center,White Lake,253,17
Dean & Britta,Knives from Bavaria,165,2
Dean & Britta,Your Baby,164,1
Dean Blunt,Tears on His Rings and Chains (feat. Elias Rønnenfelt),797,1
Death And Vanilla,Moogskogen,607,2
Death Cab For Cutie,A Lack of Color,166,1
Death Cab For Cutie,Brand New Love,230,3
Death Cab For Cutie,Brothers On a Hotel Bed,240,12
Death Cab For Cutie,Company Calls Epilogue,191,1
Death Cab For Cutie,Dream Scream,205,2
Death Cab For Cutie,Foxglove Through the Clearcut,693,2
Death Cab For Cutie,Fragments From The Decade,695,1
Death Cab For Cutie,Grapevine Fires,356,5
Death Cab For Cutie,I Will Follow You Into the Dark,265,1
Death Cab For Cutie,I Will Possess Your Heart,346,1
Death Cab For Cutie,Kicked In,386,1
Death Cab For Cutie,Lightness,161,7
Death Cab For Cutie,Marching Bands of Manhattan,241,1
Death Cab For Cutie,Metal Heart,630,1
Death Cab For Cutie,Sleep Spent,30,1
Death Cab For Cutie,St. Peter's Cathedral,466,1
Death Cab For Cutie,Stability,666,1
Death Cab For Cutie,The New Year,199,2
Death Cab For Cutie,The Plan,712,2
Death Cab For Cutie,Tiny Vessels,177,1
Death Cab For Cutie,Title and Registration,162,10
Death Cab For Cutie,Transatlanticism,176,12
Death Cab For Cutie,We Laugh Indoors,265,1
Death Cab For Cutie,What Sarah Said,265,1
Death Cab For Cutie,You've Haunted Me All My Life,605,2
Death In Vegas,Dirge,19,1
Death Vessel,Ejecta,559,7
deathcrash,American Metal,676,4
deathcrash,Bind,623,3
deathcrash,Doomcrash,673,1
deathcrash,Duffy's,715,1
deathcrash,Empty Heavy,712,1
deathcrash,Horses,662,2
deathcrash,Somersaults,810,2
deathcrash,Stay Forever,815,1
deathcrash,The Thing You Did,816,2
deathcrash,Turn,719,3
deathcrash,What To Do,674,1
Decal,Waiting (All Along),101,2
Decibully,I'm Gonna Tell You,222,1
Decoder Ring,Somersault,237,2
Deerhoof,Jagged Fruit,369,1
Deerhunter,He Would Have Laughed,437,11
Delarosa & Asora,Two Hum,59,4
Denali,You File,124,3
Denis Jones,One Loop,346,2
Denison Witmer,A House With,778,2
Denison Witmer,Every Passing Day,503,1
Denison Witmer,Little Flowers,281,2
Denison Witmer,Older and Free,767,1
Denison Witmer,Take Yourself Seriously,527,1
Dennis Callaci & Simon Joyner,Old Man in the Rain,534,2
Deny,See Traveler,25,1
Deny ft. Jewel Kilcher,Avelon Alone,53,1
Department of Eagles,Around the Bay,360,3
Department of Eagles,The Piano in the Bathtub,257,1
Departure Lounge,Christmas Downer,49,1
Depeche Mode,Useless,40,1
Deptford Goth,Bronze Age,527,4
Deradoorian,High Road,393,1
Deradoorian,Holding Pattern,390,1
Deradoorian,Red Den,625,2
Deradoorian,Set Me Free,782,3
Derek Ted,Someday Soon,690,1
Dermot Henry,Little Rib,821,2
Desert Noises,Highway Cars,483,1
Desolation Wilderness,Paris to New York,363,3
Destroyer,Libby's First Sunrise,352,3
Devendra Banhart,A Ribbon,201,1
Devendra Banhart,Last Song for B,407,2
Devendra Banhart,Little Yellow Spider,202,1
Devendra Banhart,Never Seen Such Good Things,520,4
Devendra Banhart,Now That I Know,242,7
Devendra Banhart,The Body Breaks,190,7
Devendra Banhart,"Wake Up, Little Sparrow",714,1
Devendra Banhart,Won't You Come Home,528,1
Devics,Moments,262,1
Devics,Salty Seas,267,2
Devin Shaffer,Anyone,805,1
Dextro,Hearts and Minds,291,2
DeYarmond Edison,Epoch,729,1
DG Solaris,I Don't Think So,649,2
Dianogah,"Wrapping the Lamb, Sir",101,3
Die Nachtstunde,Im Fernblau,584,2
Die Welttraumforscher,Deine allerschonsten Dinge,222,2
Dienne,Beneath the Laboratory,777,1
Dienne,Mio Signore,693,2
DIIV,Brown Paper Bag,748,3
DIIV,Fender on the Freeway,758,2
DIIV,Return of Youth,792,3
DIIV,Return of Youth (Boiled Alive),809,1
DIIV,Soul-net,751,1
DIIV,Taker,617,4
Dijf Sanders,"What You Give Away Is Yours, What You Don't Is Lost",740,1
Dimlite,The Echo Expansion,320,1
Dinosaur Jr.,Garden,644,2
Dinosaur Jr.,Not the Same,54,1
Dinosaur Jr.,Thumb,18,1
Dinosaur Jr.,You Wonder,647,1
Directions In Music,Untitled,27,2
Dirty Projectors,Emblem of the World,416,1
Dirty Projectors,Gimmie Gimmie Gimmie,327,1
Dirty Projectors,No Intention,397,1
Dirty Projectors,Police Story,330,7
Dirty Projectors,Rise Above,372,1
Dirty Projectors,Two Doves,395,5
Dirty Projectors + Björk,All We Are,435,2
Dirty Three,Ashen Snow,486,4
Dirty Three,Great Waves,241,4
Dirty Three,Hope,42,2
Dirty Three,I Really Should've Gone Out Last Night,8,2
Dirty Three,Love Changes Everything II,759,1
Dirty Three,Some Summers They Drop Like Flys,15,5
Dirty Three,The Restless Waves,549,1
Disassembler,In Devotion,672,1
Disheveled Cuss,Into The Couch,698,1
Disiniblud,"Blue Rags, Raging Wind (Kelly Moran Remix)",805,1
"Distance, Light & Sky",Souls,585,2
DJ Cam,Candyman,18,1
DJ Krush,Final Home,5,2
DJ Krush,Jugoya,51,1
DJ Shadow,Midnight in a Perfect World,7,3
DJ Trax,First Light,26,1
DJ Trax,Serenity,27,1
DM Stith,Be My Baby,409,1
DM Stith,Interview,463,1
DM Stith,My Impatience,463,1
DM Stith,Pigs,377,9
DM Stith,Pity Dance,388,4
DM Stith,Thanksgiving Moon,426,5
Dntel,(This Is) The Dream of Evan and Chan,115,3
Dntel,A Brand New Day,128,1
Dntel,A Sense of Dread,659,2
Dntel,Breakfast In Bed (feat. Conor Oberst),313,1
Dntel,Don't Get Your Hopes Up,128,3
Dntel,Dreams,317,2
Dntel,Fall In Love,641,1
Dntel,Interview,128,1
Dntel,Rock My Boat (Feat. Mia Doi Todd),264,2
Dntel,Umbrella,90,3
Dntel,unknown song,241,1
Dntel,Why I'm So Unhappy,86,18
Dntel,Your Hill,120,2
Do Make Say Think,Auberge le mouton noir,160,1
Do Make Say Think,Bound To Be That Way,299,6
Do Make Say Think,Classic Noodlanding,99,6
Do Make Say Think,End of Music,96,13
Do Make Say Think,Executioner Blues,297,1
Do Make Say Think,If I Only...,25,1
Do Make Say Think,Ontario Plates,158,2
Do Make Say Think,Say,400,2
Do Make Say Think,The Apartment Song,86,1
Do Make Say Think,The Landlord Is Dead,11,11
Dog Is Dead,Motel,455,2
Doi,In Your Sigh,301,1
Dolorean,Buffalo Gal,307,1
Domotic,Consilium_industri,108,4
Domotic,Cyclatron,98,1
Domotic,Smith Kline,100,1
Domotic,"Smith, Klaus & White",130,1
Don Caballero,Railroad Cancellation,269,2
Don Nino,Southern Sister,77,1
Don't,Echolocation,663,1
Donna Regina,Blue Echo,1,1
Donna Regina,Passer-By,165,1
Donna Regina,Who's You Who's Me,93,1
Dorothea Paas,Diver,767,1
Dorothy,High Tide,809,1
Dosh,Everybody Cheer Up Song,284,2
Doug Martsch,Dream,119,3
Doug Martsch,Woke Up This Morning (With My Mind on Jesus),134,1
Douglas Dare,Clockwork,574,3
Douglas Dare,Flames,554,4
Douglas Dare,Lungful,542,4
Douglas Dare,Swim,568,3
Douglas Firs,I Miss You,764,1
Douglas Firs,One Day,637,1
Douglas Firs,Until It Won't,658,1
Douglas Firs,What If I Can,631,1
Dove Ellis,"Feathers, Cash",806,2
Doves,Break Me Gently,10,1
Doves,Firesuite,72,1
Doves,M62 Song,112,1
Downliners Sekt,Etern,559,2
DPCD,Happy Thanksgiving,662,1
Dr. Dog,The Truth,542,2
Dream City Film Club,Close Watch,3,2
Dreamend,Of Ravens and Winds,231,1
Drekka,Possibilities,246,1
Drekka,Something for Jhonn,246,1
Drekka + Vollmar + Annelies Monseré,Interview,246,1
Dressy Bessy,Just Like Henry,1,1
Drew Danburry,Rainbow Days Come After Rain and Both Make Life a Little Less Plain,291,2
Drew Danburry,This Is My Favorite Song on the Album,290,1
DRIFTWD,Morgane,764,1
Drive Like Jehu,Caress,6,1
Drowse,Mystery Pt. 2,700,1
Drowse,Three Faces (Cyanoacrylate),703,1
Drowsy,Words of Warmth,266,2
Drunk,Dorothea,7,1
Drunk,Upholstery,6,4
Dry Cleaning,I Need You,809,2
Dry The River,Bible Belt,490,3
Dub Tractor,I Woke Up,263,4
Duke Garwood,Lion On Ice,707,3
Dump,1999,66,2
Dump,I Wish/You Wish,142,1
Dump,Pop Life,68,2
Duncan Marquiss,C Sweeps,681,2
duo505,Wenig,197,1
Dusted,Property Lines,506,3
Dusted,They Don't Know You,658,1
Duster,Moon in Aries,734,1
Duster,New Directions,685,1
Duster,Quiet Eyes,762,2
Dustin O'Halloran,A Great Divide,452,4
Dustin O'Halloran,Blue,802,1
Dustin O'Halloran,Cymatic Love Spiral - Pt. 1,755,1
Dustin O'Halloran,Fragile N.1,824,1
Dustin O'Halloran,Opus 14,207,3
Dustin O'Halloran,Opus 55,654,2
Dustin O'Halloran,Spiritus Naturae Aeternus,747,2
Dweller,Hollow,742,1
Dylan Donkin,Fall Through the Wall,336,1
E Jugend,Poitiers,20,1
E.O.G.,Aloe Vera,4,1
Eagle Seagull,"Hello, Never",275,1
Eagle Seagull,We Move Like Turtles Might,423,2
Eamon McGrath,Caves,404,2
ear,Good Day Will Arrive,825,1
Earlimart,Color Bars,150,3
Earlimart,The Movies,151,1
Early Day Miners,Awake,144,6
Early Day Miners,Errance,215,2
Early Day Miners,Henshaw,91,1
Early Day Miners,Into Pines,146,2
Early Day Miners,Room and Pillar,66,2
Earth,Coda Maestoso In F (Flat) Minor,308,5
Earth,Father Midnight,448,4
Earth,His Teeth Did Brightly Shine,490,1
Earth,Omens and Portents I: The Driver,337,4
Earth,Rooks Across the Gates,577,1
Earth Flower,Nature's Piano,755,2
Earthen Sea,Snowy Waters,685,1
East Forest & Peter Broderick,In the Middle,719,1
East Forest & Peter Broderick,The Barren Burren,715,2
Easter,Bone Marrow Stem Cell,693,1
Ebb,When Dusk Begins,310,1
Eberg,Plastic Lions,162,5
echo beatty,What If,715,3
Echo Collective,Pol,661,1
Echoboy,Broken Hearts,8,1
Echoboy,Contact,13,1
Echoboy,Siobhan,36,3
Ed Carlsen,Dissolution,696,2
Ed O'Brien,Incantations,826,1
Eddie Vedder,Cartography,620,1
Edison Woods,Secrets,162,1
Edith Frost,My Lover Won't Call,249,1
Edith Frost,Time to Bloom,786,1
Edith Judith,Carry,736,1
Eefje De Visser,De bedoeling,558,1
Eefje De Visser,Het is,545,1
Eefje De Visser,Interview,558,1
Eefje De Visser,Ongeveer,542,10
Eels,Electro-Shock Blues,54,1
Eels,Selective Memory,5,1
Eerie Wanda,Birds Aren't Real,698,1
Eerie Wanda,Sail to the Silver Sun,708,1
EF,A Tailpiece,363,2
EF,Alp Lugens and Beyond,421,3
EF,Apricity,723,1
EF,Bear,365,1
EF,Delusions of Grandeur,545,1
EF,Embrace This Feeling,301,1
EF,Ett (20th Anniversary),804,1
EF,Hello Scotland,299,2
EF,Interview,301,2
EF,Lake Vaettern,545,1
Efterklang,Apples,513,1
Efterklang,Black Summer,512,2
Efterklang,Bright,227,1
Efterklang,Collecting Shields,209,16
Efterklang,Falling Horses,302,1
Efterklang,Getting Reminders (feat. Beirut),754,2
Efterklang,Himmelbjerget,303,8
Efterklang,Horseback Tenors,320,3
Efterklang,Interview,513,1
Efterklang,Kloy Gyn,221,1
Efterklang,Mirror Mirror,420,1
Efterklang,Modern Drift,417,2
Efterklang,Monopolist,228,1
Efterklang,Sacki,228,1
Efterklang,Sedna,513,1
Efterklang,Swarming,202,15
Efterklang,Told To Be Fine,509,3
Efterklang & The Danish National Chamber Orchestra,Frida Found a Friend,398,1
Efterklang & The Danish National Chamber Orchestra,Horseback Tenors,399,2
Einsturzende Neubauten & Anita Lane,Blume,55,1
Ekkehard Ehlers,Playing John Cassavetes 2,700,1
El Camino,A Sound / A Light,66,1
El Camino,At Jenny Richee,249,3
El Guapo,Space Tourist,142,4
El Perro Del Mar,Between You and Me Nothing,747,3
El Ten Eleven,Not Even Almost,710,1
Elanor Moss,Sarah Waiting in the Car,828,2
Elastica,My Sex,13,3
Elbow,Any Day Now,90,1
Elbow,Asleep in the Back,95,1
Elbow,Interview,67,1
Elbow,Newborn,90,1
Elbow,Powder Blue,90,1
Elbow,Scattered Black and Whites,68,5
Elbow,Switching Off,176,1
Eleanor Friedberger,One-Month Marathon,478,1
Electrelane,Bells,232,1
Electrelane,In Berlin,308,1
Electric President,Farewell,256,2
Electric President,Lullaby,357,1
Elephant & Castle Ft. tUnE-yArDs,En Memoria,485,1
Elephant Micah,Airline Living,487,1
Elephant Micah,By the Canal,585,3
Elephant Micah,Glacier Advisors,638,1
Elephant Micah,Monarch Gardeners,591,2
Elephant Micah,O Vocabulary,314,1
Elephant Micah,Ohio Arch,176,1
Elephant Micah,Rhode Island Reds,150,2
Elevate,Revenge of the Sioux,21,1
Elevate,The Train Journey,50,1
Eleventh Dream Day,Blindside,30,1
Eleventh Dream Day,Since Grazed,647,1
Eleventh Dream Day,Writes a Letter Home,92,1
Elf Power,Jane,60,2
Elf Power,Olde Tyme Waves,80,1
Elf Power,The Sun Is Forever,87,2
Elias,Bloomed Exploded,711,2
Elias,Can You Feel The Fear,703,2
Elias,Explode/Boalis,718,1
Elias,Parasites,649,4
Elias,South,656,1
Elias,The End,764,2
Elias Rønnenfelt,The Orchids,809,1
ELISABETH KLINCK,Slow Life,792,1
Eliza McLamb,16,744,1
Eliza Shaddad,Blossom,647,1
Elk City,Solar Girl,58,2
Ella Ronen,I Just Want to See You (feat. Sam Cohen),749,2
Ellen Arkbro & Johan Graden,"Love You, Bye",698,1
Elliott Fullam,The Love I Had,759,1
Elliott Smith,A Fond Farewell,201,15
Elliott Smith,Almost Over,389,1
Elliott Smith,Angeles,161,2
Elliott Smith,Ballad of Big Nothing,198,9
Elliott Smith,Between the Bars,346,7
Elliott Smith,Easy Way Out,14,2
Elliott Smith,Go By,314,2
Elliott Smith,Happiness,14,2
Elliott Smith,Independence Day,64,5
Elliott Smith,Let's Get Lost,265,1
Elliott Smith,Miss Misery,466,3
Elliott Smith,Needle In the Hay,405,4
Elliott Smith,No Name #6,127,1
Elliott Smith,Pitseleh,697,1
Elliott Smith,Pretty (Ugly Before),766,1
Elliott Smith,Say Yes,185,2
Elliott Smith,Somebody That I Used to Know,15,4
Elliott Smith,Son of Sam,13,2
Elliott Smith,Speed Trials,169,3
Elliott Smith,Waltz #2,2,5
Elskavon,North Sole,710,1
Elskavon & John Hayes,Itasca,628,1
Eltro,Some Vital Function,68,1
Eltro,Storm Cloud of the Century,124,1
Eluvium,Return to Debris,571,2
Eluvium,The Fires at Night,824,2
Eluvium,The Motion Makes Me Last,414,5
Eluvium,The Violet Light,724,2
Eluvium,Vibration Consensus Reality (for Spectral Multiband Resonator),710,1
Eluvium,Void Manifest,718,1
Elvis Costello,Radio Is Everything,627,1
Elysian Fields,Barely Recognize You,87,1
Elysian Fields,Black Acres,60,3
Elysian Fields,Cities Will Fall,65,1
Elysian Fields,Interview,65,1
Elysian Fields,Narcosmicoma,151,1
Elysian Fields,Out to Sea,247,1
Elysian Fields,Passing on the Stairs,152,2
Elysian Fields,Rope of Weeds,65,1
Embrace,Drawn from Memory,7,1
Emily Haines & the Soft Skeleton,Row Boat,324,2
emily hines,Cowgirl Suit,781,2
emily hines,My Own Way,789,1
Emily Jane White,Interview + Sessie,412,1
Emily Jane White,The Law,443,3
Emily Jane White,Victorian America,408,4
Emily Wells,Dirty Sneakers and Underwear,530,4
Emily Wells,Interview,536,1
Emily Wells,Mama's Gonna Give You Love,536,1
Emily Wells,Passenger,495,5
Emily Wells,Piece of It,498,1
Emilíana Torrini,Heartstopper,234,6
Emilíana Torrini,Lifesaver,215,2
Emilíana Torrini,Sunny Road,220,10
Emilíana Torrini & The Colorist Orchestra,Dove,719,1
Emma Hessels,Always Lost (Radio 1 Sessie),812,1
Emma Hessels,Insular,795,1
Emma Hessels,We Will,804,3
Emma Ruth Rundle,Arms I Know So Well,577,2
Emma Ruth Rundle,Pump Organ Song,680,4
Emma Ruth Rundle,Return,658,4
Empress,If No Hope,68,4
Enablers,And Other Oddities Of The Brain,697,1
Encre,Marbres,180,3
Encre,Trouves-en un autre,74,3
Engine Down,Intent to Pacify,74,2
Engine Down,Retread,84,1
English Teacher,Albert Road,746,5
Enjoy The Weekend,Oranges Restored,711,1
Enon,Cruel,13,1
Enon,In This City,106,16
Enon,Monsoon,157,3
Enon,Shave,171,1
Ensemble,"Disown, Delete",281,5
Ensemble,One Kind Two Minds,287,1
Ensemble,Proposal #1,18,2
"Equinox, the Peacekeeper",Momentary Clarity,440,1
Eraas,Crescent,509,2
Eraas,Initiation,544,3
Erasers,Constant Connection,685,1
Eric Chenaux,Am I Lovely,354,2
Eric Chenaux,And So We Say,443,1
Eric Chenaux,"Arms, Legs and Moonlight",352,1
Eric Chenaux,Dull Lights (White or Grey),484,1
Eric Chenaux,I Can See It Now,294,1
ERIC CHENAUX WITH RYAN DRIVER,And So We Say,444,1
Eric Smout (Democrazy),Interview,500,1
Erik Levander,Hitta Hem,342,2
Eriksson Delcroix,Home Is Where the Angels Roam,562,4
Erinn Williams,Blind,339,2
Erland Cooper,Haar Over Hamnavoe (Bill Ryder-Jones rework),644,1
Erlend Øye,Friends and Lovers,225,1
Erlend Øye,Last Christmas,130,1
Errors,National Prism,354,2
ES,Sadepaivat,316,1
ESG,Talk It,117,1
Esmerine,Barn Board Fire,551,1
Esmerine,Entropy: Incantation - Radiance - The Wild Sea,689,2
Esmerine,Interview,551,1
Esmerine,Last Waltz,470,2
Esmerine,Translator's Clos I,551,1
Esmerine,Translator's Clos II,541,3
Esmerine,Why She Swallows Bullets and Stones,230,13
Espers,Dead Queen,282,12
Espers,Meadow,256,4
Espers,Riding,262,1
Espers,The Pearl,407,1
Essie Jain,Indefinable,348,1
Essie Jain,Sailor,345,1
Essie Jain,Understand,347,2
Essie Jain,You,370,2
Ester Drang,Great Expectations,258,1
Ethel Cain,Amber Waves,776,1
Ethel Cain,Dust Bowl,796,1
Ethel Cain,Famous Last Words (an Ode To Eaters),705,2
Ethel Cain,For Sure,762,2
Ethel Cain,Punish,768,3
Ethel Cain,Vaccilator,775,1
Euphone,"Red, Blue, Yellow",2,1
Euphone,Two Basic Colors,24,2
Euphoria Again,If an Angel Were a Ghost,770,2
Euphoria Again,Long Is the Ladder That Leads to God,734,1
Euphoria Again,One More Time,768,1
Euphoria Again & Dogwood Tales,At Least I'm Not Lonely Tonight,813,1
Evan Dando,All My Life,141,2
Evan Dando,Frying Pan,26,1
Evan Dando,Hard Drive,137,5
Evan Dando,"Knowing Me, Knowing You",164,1
Evan Dando,Thirteen,92,1
Evan Wright,Ride,657,1
Evangelicals,The Evening Descends,336,3
Eve Adams,Butterflies,682,1
Even Johansen,Quiet & Still,79,2
Everlasting The Way,Crown the Day,20,1
Everyman,Sleep,509,2
Evil Superstars,Oh Girl,1,1
Ex-Chittle,L dot Y,7,1
Ex:re,Crushing,622,2
Ex:re,Misery Is a Butterfly,644,1
Ex:re,Radio Station,831,1
Ex:Re with 12 Ensemble,The Dazzler,643,1
Ex:Re with 12 Ensemble,Where The Time Went,638,2
Exhaust,unknown song,28,1
Exitmusic,The Hours,477,5
ExNovios,Me quieren ver morir,669,2
Explosions In The Sky,A Poor Man's Memory,86,3
Explosions In The Sky,All Mountains,731,1
Explosions In The Sky,Catastrophe And The Cure,298,1
Explosions In The Sky,Human History,662,1
Explosions In The Sky,It's Natural To Be Afraid,296,8
Explosions In The Sky,Let Me Back In,461,8
Explosions In The Sky,Moving On,729,2
Explosions In The Sky,Peace or Quiet,732,3
Explosions In The Sky,Snow,776,1
Explosions In The Sky,The Long Spring,194,3
Explosions In The Sky,The Moon Is Down,88,7
Explosions In The Sky,The Only Moment We Were Alone,164,18
Explosions In The Sky,Time Stops,244,1
Explosions In The Sky,Your Hand in Mine,165,7
Explosions In The Sky,Your Hand in Mine (w/ strings),218,3
Explosions In The Sky & David Wingo,Send Off,541,1
Ezekiel Honig,Porchside Economics,366,1
Ezra Feinberg,Ovation,621,1
Ezra Glatt,Dust (feat. Sammy Copley),710,1
F.S. Blumm,Haus & Halm,282,2
F.S. Blumm,Schein Es,759,1
F.S. Blumm & Nils Frahm,Desert Mule,660,1
FABIAN RASTI,Brazil,633,1
FABIAN RASTI,If Only You Knew,650,1
Faith Elliott,Snowglobe,781,2
Fakebomb,Spearhead,87,1
Famy,Dogg Dogg,483,2
Fanfarlo,Drowning Men,419,1
Fanfarlo,Fire Escape,421,1
Fanfarlo,I'm a Pilot,383,8
FAR,Girl,12,1
Far Caspian,Sun Room,676,1
Farao,The Hours,556,1
Fariña,Two People,52,1
Farmer Dave & The Wizards Of The West,Cave Walls,633,1
Father John Misty,(Everything But) Her Love,684,2
Father John Misty,Being You,770,2
Father John Misty,Bored in the USA,585,7
Father John Misty,"I Love You, Honeybear",596,6
Father John Misty,Interview,601,1
Father John Misty,Musical Ladders,741,1
Father John Misty,Now I'm Learning to Love the War,496,7
Father John Misty,Screamland,763,3
Father John Misty,The Songwriter,646,3
Father John Misty,To R.,622,1
Father You See Queen,We Give and Give and You Take and Take and Take and Take,499,1
Faulter,My New Name (feat. Hudson Freeman),821,2
Faultline,Where Is My Boy?,111,3
Faye Webster,Suite: Jonny,687,1
Federico Albanese,Feel Again (feat. Ghost Poet),676,1
Feist,Comfort Me,472,8
Feist,How Come You Never Go There,469,1
Feist,Intuition,318,4
Feist,Love Who We Are Meant To,714,2
Feist,Of Womankind,721,1
Feist,Pine Moon,474,1
Feist,The Bad in Each Other,487,6
Feist,The Park,360,1
Feist,The Water,388,6
Feist and Ben Gibbard,Train Song,377,1
Felicia Atkinson,The Bay,822,1
Felicia Atkinson,The Healing,767,1
Felix,Where Is My Dragon?,405,1
Felix Laband,Red Handed,247,1
Felix Laband,Whistling in Tongues,238,1
Felt,Primitive Painters,202,1
Fenne Lily,Dawncolored Horse,715,1
Fenne Lily,In My Own Time,718,2
Fennesz,Codeine,127,1
Fennesz,Perfume for Winter,386,1
Fennesz,Saffron Revolution,372,1
Fennesz,Transit,198,9
Fennesz + Sakamoto,Abyss,330,1
Fennesz + Sakamoto,Glow,312,3
Fern Knight,Silver Fox,350,2
feuerbach,Cadillac,211,1
Fever Ray,Coconut,377,9
Fever Ray,Keep the Streets Empty for Me,386,1
Few Bits,Interview,527,1
Few Bits,People,523,14
Few Bits,The Wolves,526,2
Field Commander Ali,One Kind of Forever,820,1
Field Medic,Cemetery,741,2
Field Works,Station 2,684,1
Field Works,The Sharp Smell of Cedar,638,1
Fieldhead,Document One,417,1
fievel is glaque,Toute Suite,771,1
Figurine,Our Pure Efficiency,9,1
Fiji,Pillshop,1,1
Film School,I Just Turned Into Gas,210,1
Final Fantasy,Cockatrice,369,3
Final Fantasy,This Is the Dream of Win & Regine,234,5
Final Fantasy,This Lamb Sells Condos,271,5
Final Fantasy & Ed Droste,Possibly Maybe,347,4
Fink,See It All,387,2
Finn Wolfhard,Trailers After Dark,788,2
Finn.,Hearts of Roses,375,3
Finn.,To-and-fro,239,2
finster ho,Lionhearted Cake,195,1
Fiona Apple,Love More,648,1
Fiona Brice,And You Know I Care,694,1
Fionn Regan,Put a Penny in the Slot,282,1
Fionn Regan,The Scene Is Dead,644,1
Firekites,Worn Weary,404,3
Fireside,I'm Coming Home,152,1
Fireside,Thing On a Spring,52,19
First Aid Kit,Blue,484,1
First Aid Kit,Emmylou,484,1
First Aid Kit,Interview,382,2
First Aid Kit,Little Moon,380,2
First Aid Kit,Sailor Song,382,1
First Aid Kit,Tiger Mountain Peasant Song,382,1
First Aid Kit,Winter Is All Over You,416,1
First Aid Kit,You're Not Comming Home Tonight,382,1
First Nation,You Can Be,280,1
Fizzarum,Microphorus,126,1
Flaer,Air Loom,800,1
Flako,Twelve Oclock Shadow,602,4
Flavour'dish,Dancing in the Head-Lights,44,1
Fleet Foxes,A Sky Like I've Never Seen (feat. Tim Bernardes),703,1
Fleet Foxes,Angel in the Snow,806,1
Fleet Foxes,Blue Ridge Mountains,376,4
Fleet Foxes,Can I Believe You,669,2
Fleet Foxes,Crayon Angels/Oliver James,376,1
Fleet Foxes,English House,353,3
Fleet Foxes,False Knight on the Road,376,1
Fleet Foxes,Helplessness Blues,451,4
Fleet Foxes,Montezuma,462,6
Fleet Foxes,Mykonos,344,12
Fleet Foxes,Sessie,356,1
Fleet Foxes,Sunblind,621,4
Fleet Foxes,The Shrine / An Argument,479,1
Fleet Foxes,Tiger Mountain Peasant Song,376,2
Fleet Foxes,Your Protector,376,1
Flexa Lyndo,Love Forever Knows,76,1
Flexa Lyndo,Thank the Scene,93,1
Flip Kowlier,Ocharme Ik,79,1
"Floating Points, Pharaoh Sanders & The London Symphony Orchestra",Movement 6,644,3
Flore Laurentienne,Fleuve VII,816,2
Flore Laurentienne,Régate,810,1
FLORIS FRANCIS ARTHUR,Drive Me Sane,743,2
Florist,Have Heaven,781,1
Florist,Our Hearts in a Room,791,2
Florist,Red Bird Pt. 2 (Morning),684,5
Florist,Riding Around in the Dark,757,1
Florist,Spring in Hours,688,2
Fly Pan Am,De Cercle en Cercle,37,1
Fly Pan Am,Nice est en feu!,99,1
Fly Pan Am,Parkour,651,1
Fly Pan Am,Univoque/Equivoque,101,1
Fly Pan Am,Vos reves revers,207,1
Flying Horseman,America Is Dead,498,1
Flying Horseman,Back Where I Started,491,6
Flying Horseman,Bitter Storm,440,9
Flying Horseman,Ghostwriter,445,2
Flying Horseman,Interview,498,2
Flying Horseman,Return,543,2
Flying Horseman,Sleeping Room,544,1
Flying Horseman,Ticket,798,2
Flying Horseman,Walking,544,1
Flypaper,Old Friend,758,1
FM Einheit,Interview,34,1
FM Einheit,Sessie,34,1
Foals,Spanish Sahara,420,11
Foam and Sand,Circle 19,676,2
Fog,Check Fraud,95,1
Fog,Goody Gumdrops,229,1
Fog,Interview,229,1
Fog,Pneumonia,93,5
Fog,We're Winning,227,4
Fog Lake,Catacombs,646,1
Fog Lake,Die in Love,724,1
Foil,Calremont Junction Optimist,31,1
Foil,Careening,20,3
Foil,Forget to Breathe,33,1
Foil,Groundwork,28,1
Folk Bitch Trio,Cathode Ray,796,2
Folk Bitch Trio,Change,805,1
Fonica,Zephyr,145,2
Fontanelle,Reflex vs Parallax,26,1
Fontanelle,Slow January,65,1
For Noah,Cold Is the Storm,544,3
For Stars,Beautifully...,70,2
For Stars,There Was a River,71,1
For Those I Love,I Have a Love,621,1
Foreign Fields,Pillars,539,1
Foreign Fields,The River Kings,497,2
Forest Swords,Rattling Cage,448,4
Forest Swords,Thor's Stone,541,6
Fort Lauderdale,Miami Girls in Slow Motion,92,1
Four Tet,And Then Patterns,232,6
Four Tet,Glue of the World,72,2
Four Tet,High Fives,384,1
Four Tet,Locked,469,7
Four Tet,Loved,744,2
Four Tet,My Angel Rocks Back and Forth,152,1
Four Tet,No More Mosquitoes,82,2
Four Tet,Parks,75,4
Four Tet,Plastic People,417,9
Four Tet,Storm Crystals,752,2
Four Tet,Unspoken,143,21
Four Tet,You Could Ruin My Day,71,11
Fourth Quartet,Films without Horses,23,3
Frail Talk,Sets of Five,822,1
Fran,Palm Trees,708,2
Frankie Sparo,Bastard Heart,38,1
Frankie Sparo,Hospitalville,142,3
Frankie Sparo,The Night That We Stayed In,74,2
Fred again.. & Brian Eno,Secret,722,2
Fred Thomas,When They Built the Schools,601,3
Frederico Albanese,Feel Again (feat. Ghost Poet),678,1
Frederico Albanese,Meridian,658,1
Freedy Johnston,Gina,26,1
Freeform Five,Slow,190,1
Freelance Whales,DNA Bank,510,1
Freelance Whales,Enzymes,440,3
Freelance Whales,Generator (Second Floor),423,2
Freelance Whales,Starring,407,1
French Cassettes,Baseball Bat,760,1
Frida Hyvönen,Once I Was a Serene Teenage Child,288,3
Fridge,Anglepoised,38,1
Fridge,Five Four Child Voice,76,2
Fridge,Lost Time,309,2
Fridge,Oram,307,1
Friends of Dean Martinez,Alternate Theme,70,2
Friends of Dean Martinez,Cahuenga,138,7
Friendship,All Over the World,792,1
Friendship,Fee Association,783,3
Friendship,Resident Evil,790,1
Frightened Rabbit,Poke,376,1
Friko,For Ella,743,3
Frog,Where Do I Sign Var. III,783,1
Fuck,Ballet High,47,1
Fuck,Dandelion Ditch,59,1
Fuck,Italy,20,1
Fuck,Oops...I Did It Again,114,1
Fuck,Vegas,182,1
Fuck-Off Machete,Warm Electricity,186,2
Fugazi,Argument,76,7
Fugazi,I'm So Tired,757,1
Fugazi,Long Division,12,2
Fugazi,The Kill,243,1
FUGU,Sol y Sombra,92,1
Fujiya & Miyagi,Electro Karaoke,106,8
Full of Hell and Nothing,Like Stars in the Firmament,738,1
Fulton Lights,Autumn Anthem,302,1
Fulton Lights,"Breathe In, Breathe Out",297,1
Funambulist,Hatchery,823,2
Function,The Red Hook Overview,317,2
Function,Unshaken (Positively Implacable),331,1
Funkstörung,All Is Full of Love [In Love with Björk],149,1
Funkstörung,No. 9,1,1
Furrows,Your Vision,664,1
Fuschimuschi,2 Species in Love,34,1
Futurebirds,Virginia Slims,528,1
Füxa,Bowie Beat,109,1
Füxa,Techno Light,11,1
Gabi,Da Void,610,2
Gabriel Olafs,Think of Home,622,1
Gabriels,In Loving Memory,624,2
Galaxie 500,Another Day,132,3
Galaxie 500,Blue Thunder,11,7
Galaxie 500,Decomposing Trees,253,1
Galaxie 500,Flowers,250,1
Galaxie 500,Isn't It a Pity,86,2
Galaxie 500,Snowstorm,49,9
Gallon Drunk,Fire Music (Part One),100,1
Gambles,Far From Your Arms,529,2
Gambles,New York,542,5
Gambles,Vicious Times,607,3
Ganavya,Would Be Better (feat. Sam Amidon),808,1
Gang Colours,To Repel Ghosts,489,5
Ganger,Hope,19,3
Gardin,A Lie,65,2
Gareth Liddiard,Blondin Makes an Omelette,442,1
Gary Higgins,Windy Child,240,1
Gastr Del Sol,Blues Subtitled No Sense of Wonder,12,7
Gastr Del Sol,Mouth Canyon,23,3
Gavin Preller,Midnight,653,1
Gayngs,The Gaudy Side of Town,427,6
Gayngs,The Last Prom on Earth,430,1
Geckøs,Black Diamond,803,1
Geckøs,Dance of the Gecko,789,1
Geese,Au pays de cocaine,801,1
Geiger Counter,Bel Geddes,34,1
Gem Club,Garlands,794,1
Geneva,Museum Mile,8,2
Geoff Farina,Already Told You,260,3
Geoff Farina,Dries,89,1
Geoff Farina,Fire,49,2
Geoff Farina,Interview,512,1
Geoff Farina,Louis Collins,512,1
Geoff Farina,Stems,512,1
Geoff Farina,The Dove and the Lamb,512,1
Geoff Farina,The Rights,49,1
Geoff Farina,The Same Way,172,2
Geoff Farina,The United States,17,1
Georgia Harmer,Austin,677,2
Geotic,The Lime of Stars,750,1
Geppetto & The Whales,Cocklane Ghosts,556,4
Germaine Dunes,Midnight Gane,718,1
Gert Keunen,Havn,622,2
Gert Keunen,Hemma,662,1
Gert Keunen,Sognefjord,702,1
Get Well Soon,Born Slippy,352,1
Get Well Soon,Born Slippy Nuxx,362,1
Get Well Soon,Good Friday,380,1
Get Well Soon,We Are the Roman Empire,416,1
Ghost Bees,Tear Tassle Ogre Heart,362,2
Gia Margaret,Alive Inside,821,2
Gia Margaret,Cicadas,722,5
Gia Margaret,La langue de l'amitié (feat. David Bazan),725,2
Giant Sand,Crackling Water,379,1
Giant Sand,Leather,379,1
Giant Sand,No Reply,12,2
Giant Sand,Shiver,16,1
Giant Sand,Spiral,364,10
Giant Sand,The Leuven Beat,379,1
Giant Sand,X-tra Wide,19,1
Giant Sand,Yer Ropes,57,1
Giardini di Mirò,A New Start (For Swimming Shoes),59,1
Giardini di Mirò,Little Victories,61,3
Giardini di Mirò,Once Again a Fond Farewell,279,1
Giardini di Mirò,Pet Life Saver,60,2
Giardini di Mirò,Rise and Fall of Academic Drifting,58,1
Gimmik,Thing On a Spring,1,1
ging,When I'm Gone,705,1
ginla,Carousel (feat. Adrianne Lenker),674,1
Girls,Hellhole Ratrace,402,1
Girls Against Boys,I'm from France,29,1
Girls Against Boys,Let It Breathe,109,1
Girls In Hawaii,Fields of Gold,339,2
Girls In Hawaii,Out On The Weekend,318,1
Glass Ghost,Time Saving Trick,405,1
Glasser,T,438,5
Glen Hansard,Between Us There Is Music,738,2
Glen Hansard,Farewell Transmission,602,1
Glen Hansard,Hold On Magnolia,603,1
Glen Hansard,Sure as the Rain,729,1
Glen Hansard,Take Heart (feat. Ukrainian Action & Marketa Irglova),700,2
Glen Hansard & Markéta Irglová,Drown Out,297,2
Glitterpaard,I've Been Around,800,3
Glitterpaard,Into The Night,682,1
Gloria Gutter,Basel (feat. Taco Navarro),768,3
Go March,Droplets,647,2
God Is An Astronaut,Fragile,326,1
God Is An Astronaut,Frozen Twilight (2026),814,2
Goddess,Shadows (feat. Ex:Re),786,2
Godspeed You! Black Emperor,09-15-00,120,1
Godspeed You! Black Emperor,Antennas to Heaven,70,1
Godspeed You! Black Emperor,BABYS IN A THUNDERCLOUD,765,4
Godspeed You! Black Emperor,Concertopname,107,1
Godspeed You! Black Emperor,Government Came,644,1
Godspeed You! Black Emperor,Grey Rubble - Green Shoots,761,3
Godspeed You! Black Emperor,Job's Lament,645,5
Godspeed You! Black Emperor,Motherfucker=Redeemer,119,13
Godspeed You! Black Emperor,Moya,281,14
Godspeed You! Black Emperor,Piss Crowns Are Trebled,604,3
Godspeed You! Black Emperor,Rockets Fall on Rocket Falls,156,1
Godspeed You! Black Emperor,Storm,37,8
Godspeed You! Black Emperor,We Drift Like Worried Fire,511,4
Gogo Penguin,Embers,649,1
Gogo Penguin,Forgive the Damages (feat. Daudi Matsiko),794,1
GoGoGo Airheart,Meet Me at the Movies,111,2
Goldcard,Rabbit,152,1
Goldcard,We Only Doubt Which Theory We Will Be Proving First,151,1
Goldfrapp,Human,57,2
Goldfrapp,Jo,539,5
Goldfrapp,Paper Bag,33,1
Goldfrapp,Utopia,47,1
Goldmund,Memory Itself,625,1
Goldmund,My Neighborhood,220,1
Goldrush,Can't Give Up The Ghost,299,3
Gomez,Rosemary,37,1
Gomez,The Dajon Song,21,1
Gomez,Tijuana Lady,5,1
gone icon,Holy,775,2
Good Morning,I've Been Waiting,665,2
Good Night & Good Morning,Wine,444,3
Goon,Death Spells,775,1
Gordi,Free Association,634,1
Gorillaz,Soundcheck (Gravity),62,1
Gorillaz,Tomorrow Comes Today,53,2
Gorky's Zygotic Mynci,How I Long,81,1
Gorky's Zygotic Mynci,Stood on Gold,74,1
Gowns,Rope,333,2
Gracie Gray,Happiness,673,1
GracieHorse,"If You're Gonna Walk That Straight Line Son, It's Only Gonna Hurt",722,1
GracieHorse,Run Ricky Run,670,1
Graham Coxon,A Day Is Far Too Long,18,1
Graham Coxon,Bitter Tears,120,2
Graham Coxon,Bonfires,86,1
Graham Coxon,Look Into the Light,389,1
Graig Markel,Better Lost Than Gone,39,1
Grails,Burden of Hope,159,3
Grails,Burning Off Impurities,309,2
Grails,Deep Snow,456,2
Grails,Sisters of Bilitis,733,1
Grails,Soft Temple,342,1
Grails,Strange Paradise,791,1
Grails,Up All Night,545,3
Grandaddy,Alan Parsons in a Winter Wonderland,49,2
Grandaddy,Blindness,672,1
Grandaddy,Cabin in My Mind,742,1
Grandaddy,Collective Dreamwish of Upperclass Elegance,63,3
Grandaddy,Derek Spears,729,1
Grandaddy,Goodbye?,242,3
Grandaddy,Guide Down Denied,271,2
Grandaddy,"He's Simple, He's Dumb, He's the Pilot",19,12
Grandaddy,Hewlett's Daughter,14,1
Grandaddy,Jed the Humanoid (Piano version),781,1
Grandaddy,Jed's Other Poem (Beautiful Ground),618,1
Grandaddy,Laughing Stock,70,7
Grandaddy,Long As I'm Not the One,746,1
Grandaddy,MGM Grand,54,1
Grandaddy,Miner at the Dial-a-View,13,13
Grandaddy,Protected from the Rain,36,3
Grandaddy,Revolution,94,1
Grandaddy,Saddest Vacant Lot in All the World,153,5
Grandaddy,So You'll Aim Toward the Sky,18,6
Grandaddy,Summer... It's Gone,276,1
Grandaddy,The Crystal Lake,622,1
Grandaddy,The Fox in the Snow,633,1
Grandaddy,The Warming Sun,152,16
Grandaddy,Watercooler,736,2
Grandaddy,Wives of Farmers,43,2
Grandaddy,Wonder Why in L.A.,33,2
Grandaddy,XD-Data-II,34,1
Grandaddy,You're Going to Be Fine and I'm Going to Hell,748,2
Grandaddy & Band Of Horses,Hang An Ornament,591,1
Grandbrothers,Infinite,713,1
Granfaloon Bus,Part of Joy,91,1
Granfaloon Bus,The Far from Perfect Cha-Cha,84,3
Grasscut,Inchkeith Island,657,1
Gravenhurst,Black Holes in the Sand,196,4
Gravenhurst,Bluebeard,500,1
Gravenhurst,Damage II,196,1
Gravenhurst,Down River,241,2
Gravenhurst,Fog Round the Figurehead,198,2
Gravenhurst,I Turn My Face to the Forest Floor,194,7
Gravenhurst,Interview,196,4
Gravenhurst,Islands,677,2
Gravenhurst,Nightwatchman's Blues,356,1
Gravenhurst,Saints,320,3
Gravenhurst,The Foundry,493,5
Gravenhurst,The Ghost of Saint Paul,495,1
Gravenhurst,The Prize,495,2
Gravenhurst,Trust,325,1
Great Lake Swimmers,Am I Floating in the Air,722,2
Great Lake Swimmers,Backstage With The Modern Dancers,306,8
Great Lake Swimmers,Everything Is Moving So Fast,381,6
Great Lake Swimmers,Interview,210,3
Great Lake Swimmers,Let's Trade Skins,210,1
Great Lake Swimmers,"Moonlight, Stay Above",714,1
Great Lake Swimmers,Moving Pictures Silent Films,186,19
Great Lake Swimmers,"Moving, Shaking",210,1
Great Lake Swimmers,Song For the Angels,221,12
Great Lake Swimmers,The Great Exhale,496,1
Great Lake Swimmers,Think That You Might Be Wrong,496,1
Great Lake Swimmers,Where in the World Are You,304,8
Great Lake Swimmers,Your Rocky Spine,312,2
Greet Death,I Hate Everything,676,3
Greet Death,Punishment Existence,679,1
Greg Davis,Coventry,113,2
Greg Mendez,Goodbye / Trouble,717,3
Greg Mendez,I Wanna Feel Pretty,816,2
Greg Mendez,No Evil,822,2
Greg Mendez,Sunsick,825,1
Greg Weeks,Ash Rising,82,3
Greg Weeks,Borderline,371,1
Greg Weeks,Duress,66,1
Greg Weeks,Made,92,1
Greg Weeks,One Summer Night,134,3
Gregor Samsa,"Abutting, Dismantling",349,1
Gregor Samsa,Even Numbers,267,2
Gregor Samsa,Jeroen Van Aken,345,1
Gregor Samsa,One,193,1
Greylag,Burn On,578,7
Greylag,Interview,587,1
Greylag,Walk the Night,587,1
Greylag,Yours to Shake,587,1
Grim,Alina 1,272,1
Grim,Ogive 1,165,1
Grisbi,Army of Me,247,1
Grivo,Languor,675,1
Grizzly Bear,Boy From School,414,1
Grizzly Bear,Campfire,249,1
Grizzly Bear,Cheerleader,383,12
Grizzly Bear,Don't Ask,245,1
Grizzly Bear,Eavesdropping,263,2
Grizzly Bear,Fine For Now,384,2
Grizzly Bear,Foreground,393,7
Grizzly Bear,Gun-Shy,506,6
Grizzly Bear,He Hit Me,327,6
Grizzly Bear,Interview,281,2
Grizzly Bear,Knife,352,9
Grizzly Bear,Little Brother,281,2
Grizzly Bear,Plans,281,3
Grizzly Bear,Sleeping Ute,503,4
Grizzly Bear,Two Weeks,393,5
Grizzly Bear,While You Wait For the Others,393,1
Grizzly Bear,Will Calls,542,3
Grizzly Bear (with Victoria Legrand),Slow Life,409,2
Grizzly Bear + Feist,Service Bell,445,1
Groep Jezus,Every Year,11,1
Groep Jezus,Sessie,71,1
Groep Jezus,"Swing It, Carlo!",69,2
Group Of The Altos,Coplight,598,1
Group Of The Altos,Learning to Share,601,1
Group Of The Altos,News From Wino,595,1
Grouper,Call Across Rooms,579,1
Grouper,Clearing,766,1
Grouper,Heavy Water/I'd Rather Be Sleeping,372,5
Grouper,Holding,587,3
Grouper,Kelso (Blue Sky),665,1
Grouper,Vessel,419,1
Grouper,Vital,518,8
Grouper,Water People,469,1
Gry with FM Einheit and his Orchestra,Ghost,28,3
Guided by Voices,Bit of a Crunch,763,1
Guided by Voices,Don't Stop Now,137,1
Guided by Voices,Fine to See You,65,2
Guided by Voices,Hold On Hope,4,5
Guided by Voices,Landscaping,826,1
Guided by Voices,Queen Of Spaces,703,1
Guided by Voices,To Remake the Young Flyer,188,1
Guitar,Feel Flows Free,127,1
Guitar,"See Sea, Bee and Me",123,1
Guitar,"See Sea, Bee and Minimal Me",131,2
Gus Gus,Blue Mug,30,1
Guther,Who Was First,293,1
Guther,You,156,1
Gwilym Gold,Hover,695,1
HAAi,HQ (feat. Kaiden Ford),803,1
HAAi,Rotating in Unison,619,2
Haiku Salut,We Need These Beams,657,1
Hairbaby,As Long As You Don't…,681,1
Hairbaby,Four Times Better,783,1
Haley Bonar,"Save a Horse, Ride a Cowboy",172,2
Haley Heynderickx,Mouth of a Flower,768,1
Haley Heynderickx,Seed of a Seed,762,2
Haley Heynderickx,The Bug Collector,616,3
Haley Heynderickx & Max Garcia Conover,To Each Their Dot,804,2
Half Asleep,Yellow Neck,267,1
Half Cousin,Mrs Pilling,217,1
Half Film,Sortition,15,1
Half Film,The Arrangement,19,1
Half Light,Persist,677,1
Half-Handed Cloud,A Picnic Few Want to Attend,262,2
Half-Handed Cloud,"In You Now, But Still Below",264,1
Half-Handed Cloud,Let's Go Javelin',228,3
Half-Handed Cloud,Who Brought These Up?,405,2
Halifax Pier,Chance to Leave,13,1
Halifax Pier,"Foreign Fields, Dead Leaves",52,1
Halifax Pier,Strange News From Another Star,47,1
Halifax Pier,The Old Constellations,12,4
Halifax Pier,Untitled,9,3
Hallo Venray,Gail,64,1
Halls,Funeral,515,1
Halls,Sanctus,557,1
Halls,White Chalk,507,3
Hammock,All the Pain You Can't Explain,825,1
Hammock,Drugs and Religion,766,1
Hammock,Elsewhere,668,1
Hammock,Gods Becoming Memories,704,1
Hammock,It's OK To Be Afraid of the Universe,713,2
Hammock,Love In The Void,709,1
Hammock,Requiem for Johan,792,1
Hammock,The Second Coming Was a Moonrise,821,1
Hanalei,Action Drum,199,1
Hand Habits,4th of July,635,2
Hand Habits,Clean Air,663,1
Hand Habits,Graves,661,1
Hand Habits,I Believe In You,638,1
Hand Habits,Lioness,797,1
Hand Habits,Placeholder,617,3
Hand Habits & Emile Mosseri,Joyful Girl,826,1
Handsome Furs,Officer of Hearts,376,4
Handsome Furs,Sing! Captain,321,2
Handsome Furs,What We Had,316,4
hania rani,At Dawn,670,1
hania rani,Kyiv,685,2
hania rani,Non Fiction: IV. Sempplice,804,1
hania rani,Sentimental Value,815,1
hania rani,The Boat,731,1
hania rani,Time,714,1
hania rani,Utrata,734,4
Hania Rani & Dobrawa Czocher,Malasana,664,1
Hannah Cohen,Sunrise,490,7
Hannah Frances,Woolgathering,752,1
Hannah Mohan,Therapist,753,2
Hannah Peel,Interview,467,1
Hannah Peel,Sessie,467,1
Hannah Peel,You Call This Your Home,454,5
Hanne Hukkelberg,Berlin,306,3
Hanne Hukkelberg,Cast Anchor,252,10
Hanne Hukkelberg,Displaced,252,1
Hanne Hukkelberg,Interview,252,1
Hanne Hukkelberg,Little Girl,252,1
Hanne Hukkelberg,Midnight Sun Dream,385,3
Hanne Hukkelberg,My Devils,489,1
Hanne Hukkelberg,No Mascara Tears,383,1
Hanne Hukkelberg,Words & a Piece of Paper,228,9
Hanry,Cyclone,741,2
Hans Olo,Logitech,64,2
Haress,King David,819,1
Haress,White Over,689,2
Harmonia & Eno '76,Almost,405,1
haruki,Elks Will Do Just Fine,303,1
Harvestman,Give Your Heart to the Hawk,755,1
Harvestman,Surround Me,245,2
Hauschka,Blue Bicycle,367,2
Hauschka,Chicago Morning,298,6
Hauschka,Detached,735,2
Hauschka,DX2 615,595,2
Hauschka,Eltern,362,1
Hauschka,Interview,563,1
Hauschka,Kotoba Naku,324,1
Hauschka,Loved Ones,730,3
Hauschka,Snow,439,4
Hauschka,Sunrise,513,1
Hauschka,Toots 1,563,1
Hauschka,Toots 5,563,1
Hauschka,Who Lived Here?,561,8
Havergal,Far Enough to Be Alone,190,1
Havergal,New Innocent Tyro Allegory,189,3
Hawksley Workman,Don't Be Crushed,63,1
Hayden,Bass Song,120,14
Hayden,East Coast,701,1
Hayden,Home by Saturday,197,1
Hayden,More Than Alive,367,2
Hayden,On A Beach (feat. Feist),716,2
Hayden,Stride,9,1
Hayden,We Danced,721,1
Hayden,Wide Eyes,200,2
Hayden Calnin,Unfortunate Love (feat. Harrison Storm),705,2
Hayden Pedigo,Smoked,794,3
Hayden Pedigo,The Happiest Time I Ever Ignored,726,1
Hayfitz,Music Room,725,1
Haymarket Riot,Synchronicity II,128,1
Head full of flames,Old Road,476,1
head on stone,Tower,804,3
Headless Heroes,Just Like Honey,372,1
Headless Heroes,True Love Will Find You in the End,367,2
Headless Horseman,Sh8kr,447,3
Headphone,Radioshack,273,1
"Hear, Hear! (a Cheer)","G!rl,",612,1
"Hear, Hear! (a Cheer)",O Yes Indeed,530,2
Heath,Free From All Sense of Purpose (ft. Gambee),648,1
Heather Duby,September,30,1
Heather Woods Broderick,A Call for Distance,608,3
Heather Woods Broderick,Admiration,717,2
Heather Woods Broderick,What Does Love Care,721,1
Hefner,A Hymn for the Postal Service,70,1
Hefner,Alan Bean,77,4
Hefner,Good Fruit,43,1
Hefner,Greedy Ugly People,45,1
Hefner,Hello Kitten,14,1
Hefner,I Took Her for Granted,2,1
Hefner,The Greedy Ugly People,276,3
Hefner,The Nights Are Long,76,2
Hefner,The Sad Witch,10,4
Hefner,Your Head to Your Toes,43,2
Heka,(A) Wall,651,1
Held By Trees,In The Trees,647,2
Held By Trees,Rain After Sun,690,1
Helen Money & Will Thomas,Trace,727,1
Helena Deland,Bright Green Vibrant Gray,734,1
Helena Deland,Swimmer,676,4
Helene Vogelsinger,Rebirth,661,1
Helios,Backlight,372,2
Helios,Dragonfly Across an Ancient Sky,275,16
Helios,Halving the Compass,519,1
Helios,Hope Valley Hill,520,1
Helios,Intertwine,728,1
Helios,Nothing It Can,501,3
Helium,Cosmic Rays,23,2
Helium,Silver Strings,7,1
Henrik Lindstrand,CPH-ARN,719,1
Henrik Lindstrand,Hallonlandet,628,1
Henrik Lindstrand,Post,709,1
Henry,Manifesto,156,1
Her Space Holiday,A Matter of Trust,44,1
Her Space Holiday,Key Stroke,82,3
Her Space Holiday,Sleeping Pills,43,2
Her Space Holiday,Something to Do with My Hands,168,6
Her Space Holiday,Tech Romance,177,1
Her Space Holiday,The Young Machines,218,2
Herbstlaub,She In Motion,574,2
Herman Düne,From That Night (@ the Lounge Ax),12,1
Herman Düne,Interview,372,1
Herman Düne,Little Architect,82,2
Herman Düne,My Home Is Nowhere Without You,372,1
Herman Düne,Next Year in Zion,370,2
Herman Düne,Shakespeare & North Hoyne,11,3
Herman Düne,Smalltown Boy,267,1
Herman Düne,Take Him Back To New York City,296,5
Herman Düne,When We Were Still Friends,361,2
Herrmann & Kleine,Blue Flower,103,1
Herrmann & Kleine,Catch a Snowflake,104,4
Herrmann & Kleine,Kickboard Girl (Take Care on the Corner),15,1
Herrmann & Kleine,Leaving You Behind (Without Knowing Where to Go),124,1
Hether,Photograph,691,1
Hey Colossus Ft. Mark Lanegan,The Mirror (feat. Mark Lanegan),622,3
Hiding Places,Heat Lightning,820,2
Hiding Places,One Hand,816,2
Hiding Places,Waiting,814,1
High Places,From Stardust to Sentience,359,9
Hilang Child,Chaturanga,518,3
Hilary Woods,Brightly,803,2
Hilary Woods,Endgames,798,2
Hilary Woods,Interview,616,1
Hilary Woods,Sessie,616,1
Hilary Woods,Taper,802,1
Hilary Woods,Where the Bough Was Broken,732,1
Hilke,Paradoxes - Piano Feroce,742,2
HIM,The Way Trees Are,155,1
His Name Is Alive,I Can See A Lot Of Light In You,334,3
His Name Is Alive,Movie,29,1
Hiss Tracts,Slowed Rugs,565,1
Hitch,Last Night My Head Died...,187,1
Hjaltalín,Trailer Music,370,2
Hochzeitskapelle & Enid Valu,We Dance,752,1
Holiday,Golden Anniversary,22,1
Holland,American Eyes,64,1
Holland,Face Against Your Thigh,34,1
Holland,Foram Koten,124,1
Holland,Soft Limit,10,2
Holland Andrews,Rules (feat. Nils Frahm),704,1
Hollie Kenniff,Salient,713,2
Hollie Kenniff,Shifting Winds,704,2
Hollie Kenniff,Sof Slowed,746,1
Holly Miranda,Interview + Sessie,420,1
Holly Miranda,Slow Burn Treason,415,8
Holly Miranda,Waves,426,1
Holly Throsby,Making A Fire,304,2
Holopaw,Hoover,156,1
Holy Fuck,Stay Lit,427,5
Holy Other,Lieve (feat. Daniel Thorne),661,3
Holy Other,Shudder,670,1
Holy Other,Tense Past,505,1
Holy Sons,Doomed Myself,578,3
Holy Sons,Family Man,173,17
Holy Wave,Bog Song,728,1
Home Video,Dialogue Box,188,5
Home Video,The Tundra,197,7
Home Video,We,296,9
Homeshake,CD Wallet,750,1
Honey Guide,Nom De Plume,673,1
Honeyglaze,Burglar,660,2
Hood,Any Hopeful Thoughts Arrive,210,18
Hood,Blooms Eventually,259,1
Hood,Branches Bare,88,2
Hood,Closure,392,1
Hood,End of One Train Working,225,1
Hood,Enemy of Time,82,2
Hood,Home Is Where It Hurts,64,2
Hood,How Can You Drag Your Body Blindly Through?,5,2
Hood,It's Been a Long Time Since I Was Last Here,198,1
Hood,Over the Land Over the Sea,205,2
Hood,Sound the Cliche Klaxons,433,1
Hood,The Fact That You Failed,63,1
Hood,The Leaves Grow Old and Fall and Die,13,2
Hood,The World Touches too Hard,62,2
Hood,They Removed All Trace That Anything Had Ever Happened Here,537,1
Hood,Western Housing Concerns,30,1
Hood,You Show No Emotion at All,82,11
Hood,You're Worth the Whole World,118,4
Hood,Your Ambient Voice,42,1
Hope Sandoval,Cherry Blossom Girl,178,1
Hope Sandoval & The Warm Inventions,Around My Smile,54,1
Hope Sandoval & The Warm Inventions,Down the Steps,54,1
Hope Sandoval & The Warm Inventions,On the Low,83,4
Hope Sandoval & The Warm Inventions,Sets the Blaze,403,3
Hope Sandoval & The Warm Inventions,Suzanne,328,1
Hope Sandoval & The Warm Inventions,These Things,145,1
Hope Sandoval & The Warm Inventions,Thinking Like That,405,1
Hopewell,Safe as Milk,153,2
Hopewell,Small Places,48,1
Hopewell,Sunny Days,40,1
Hopewell,The Angel Is My Watermark,67,1
Horse & Wells,Wildflowers,641,1
Horse Feathers,Curse in the Weeds,367,1
Horse Feathers,Drain You,443,2
Horse Feathers,Father,367,1
Horse Feathers,Interview,367,1
Horse Feathers,Rude to Rile,361,13
Horse Feathers,Starving Robins,427,3
Horse Jumper of Love,A Tune Drifts Out the Window,724,1
Horse Jumper of Love,The Car Knows the Way,787,1
Horse Jumper of Love,Wait by the Stairs,761,1
Horse Jumper of Love,Wink,759,3
Horse Thief,Warm Regards,567,5
Horsegirl,Ballroom Dance Scene,640,1
Horsegirl,In Twos,780,1
Horsegirl,Julie,773,1
Horsepower,Force Quit,813,1
Horses,Ellesmere,438,1
Horses,Interview,549,1
Horses,Somewhere Quiet,549,1
Horses,Why You're Here (And I'm Not),542,3
Horsey,Seahorse (ft. King Krule),651,1
Hospitality,Sunship,553,4
Hot Chip,Shining Escalade,187,1
Hot Club De Paris,"Hello, I Wrote a Song For You Called 'Welcome to the Jungle'",294,1
Hotel Lux,Another One GOne,793,1
HotSpit,Bough,804,2
Hour,At the Bar Where You Literally Saved Me From Fatal Heartbreak (Live at Philamoca),775,1
House Of Cosy Cushions,Charlotte Salomon,562,3
House Of Cosy Cushions,In the Morning Sun,507,1
House Of Wolves,Ageless,536,2
Hovvdy,Easy,617,2
Hovvdy,GSM,662,2
Hovvdy,Make Ya Proud,754,1
How To Dress Well,Cold Nites,510,1
How To Dress Well,Ready For The World,440,3
How To Dress Well,When I Was in Trouble,506,3
How To Dress Well & Cokc Dokc,Ready For The World,436,2
Howe Gelb,Felonious,140,2
Howe Gelb,Saint Conformity,94,2
Howie Beck,I Won't Be Sorry,77,2
Howling,Howling,606,4
Howling,Signs,597,2
Hrvatski,Equinox,135,1
HTRK,Bendin',475,2
Hudson Bell,Sea Horse,241,2
Hudson Bell,Slow Burn,244,2
Hudson Freeman,I'm Most Me,726,1
Huffamoose,Beautiful Town,34,1
Huffamoose,Canada,33,1
Hugar,Mist,674,1
Huge Baby,The River,29,1
Hugo Race + True Spirit,Apocalypse,54,1
Human Bell,A Change In Fortunes,333,2
Human Bell,Outposts of Oblivion,338,3
Human Don't Be Angry,Jaded,491,2
Human Don't Be Angry,Monologue: River,493,1
Hundred Waters,Boreal,514,1
Hundred Waters,Broken Blue,574,3
Hundred Waters,Caverns,495,3
Hundred Waters,Cavity,581,3
Hundred Waters,Down From the Rafters,560,4
Hundred Waters,Interview,514,2
Hundred Waters,No Sound,573,1
Hundred Waters,Show Me Love,581,1
Hundred Waters,Sonnet,505,4
Hundred Waters,Visitors,514,1
Hungry Ghosts,Back for More I Go,29,1
Hungry Ghosts,Trying to Lift a Rock With a Bottle in Your Hand,28,1
Hurray For The Riff Raff,Nightqueen (feat. Ocean Vuong),679,2
Hurricane Bells,Tenterhooks,412,1
Hush Arbors,Fast Asleep,436,2
Husky,Tidal Wave,495,5
Hydromedusae,Waking,721,1
Hymie's Basement,21st Century Pop Song,158,14
Hypnotic Brass Ensemble,A Fullness of Light In Your Soul (feat. Perfume Genius),654,2
Hypnotic Brass Ensemble,The Graze of Days (feat. Sharon Van Etten),656,1
Håvard Volden,Oryzae,797,1
HṚṢṬA,Folkways Orange,230,2
HṚṢṬA,Hechicero Del Bosque,320,4
HṚṢṬA,Une infinite de trous en forme d'hommes,290,1
I Am Kloot,Over My Shoulder,57,1
I am Oak,Grown,503,1
I Am the World Trade Center,Auroura Borealis,73,2
I Break Horses,Cancer,471,1
I Break Horses,Heart to Know,554,3
I Break Horses,Hearts,467,1
I Hear Sirens,Broken Crowns,626,1
I Love You But I've Chosen Darkness,Long Walk,269,1
I Monster,Daydream,48,1
I Was a Cub Scout,Pink Squares,343,2
"I Will, I Swear",Mess,556,2
I'm Not a Gun,Slowly Discovering,210,1
I'm Not a Gun,Sundays Will Never Change,206,8
I'm the Hug,Bones,734,2
I'm the Hug,Lullaby for Driving,745,1
I-Cube,Tropiq,17,1
iamamiwhoami,b,426,1
iamamiwhoami,Sever,503,1
Ian Brown,Forever and a Day,78,1
Ian Brown,The Gravy Train,79,1
Ian Love,Butterfly,264,2
Ian Wayne,Molloy,706,2
Ibeyi,Oya,601,2
Iceage,The Holding Hand,637,1
Icebreaker,Distant Early Warning System,1,1
Ida,Down on Your Back,109,1
Ida,Gladiolas,71,2
Ida,Golden Hours,202,1
Ida,Late Blues,222,6
Ida,Let's Go Walking,69,2
Ida,Lovers Prayers,336,8
Ida,Maybelle,92,2
Ida,Maybelle (Piano & Strings Mix),772,1
Ida,Shotgun (Minimal Mix),775,1
Ida,Shrug,42,1
Ida,So Long,69,3
Ida,Sundown,226,1
Ida,The Radiator,43,1
Ida,Turn Me On,42,18
Idaho,20 Years,87,1
Idaho,A Second Chance,115,3
Idaho,Bass Crawl,31,15
Idaho,Down in Waves,58,3
Idaho,For Granted,90,1
Idaho,Forever,29,1
Idaho,God's Green Earth,36,1
Idaho,Levitate,208,3
Idaho,On the Shore,207,1
Idaho,Sweep,44,1
Idaho,To Be the One,104,3
Idaho,Wandering the Fields,84,23
Idaho,You Were a Dick,469,2
Idlewild,Safe & Sound,28,1
Idlewild,The Bronze Medal,48,1
Ignacio Simon,Old Friends,672,1
Il Cielo Di Bagdad,Magic Bus,360,1
Illiterate Light,Fuck LA,709,2
Illuminine,Before Any Sound (feat. Marble Sounds),734,1
Illuminine,Careless (feat. Logan Farmer),661,1
Illuminine,Catch the Night in Marble (feat. Vincent Coomans),730,2
Illuminine,Catch the Night in Marble (Hideyuki Hashimoto Rework),753,1
Illuminine,Climate Justice,783,1
Illuminine,Dualisms,588,3
Illuminine,Dusk/Dawn,768,1
Illuminine,Eunoi's Theme,749,1
Illuminine,Farewll Hymn,771,1
Illuminine,"For Better, For Worse",680,1
Illuminine,For What It's Worth,597,1
Illuminine,Interview,597,2
Illuminine,Llŷr,597,1
Illuminine,Lumen Reign,598,2
Illuminine,"Patterns, Erase",630,1
Illuminine,Take 3 - Ways,622,1
Illuminine,Take 9 - Planes,630,2
Illuminine + I Will I Swear,Armor,605,1
Imaad Wasif with Two Part Beast,Spell,352,1
Imaginary Family,Birthday Crowd,512,2
Imaginary Family,Box,523,1
Imaginary Family,Drug,523,1
Imaginary Family,Interview,523,1
Imaginary Family,The Bird Watcher,502,2
Imaginary Family,The Riddle,560,1
Imaginary Sister,Exceptionally Pretty,707,2
Imaginary Sister,Forces,699,1
Immen,Hjerst,790,1
Immense,"22,000",162,1
Immense,Hidden Between Sleeves,168,2
Immense,Really Optimistic,2,1
Immense,Skitty Piano,157,16
Imogen Heap,Hide and Seek,240,1
In Tall Buildings,I'll Be Up Soon,594,4
Indians,Magic Kids,495,1
Indigo Sparke,Baby,625,2
Indigo Sparke,Blue,698,3
Indigo Sparke,Carnival,653,1
Indigo Sparke,Everything Everything,633,2
Indigo Sparke,God Is a Woman's Name,699,1
Indigo Sparke,Golden Ribbons,728,1
Indigo Sparke,Interview,728,1
Indigo Sparke,Pluto,700,1
Indigo Sparke,Pressure In My Chest,694,4
Inlets,Bright Orange Air,415,2
Internal/External,Stepping Up to the Mic,8,1
International Airport,Association,205,3
International Airport,Moving Water,71,1
International Airport,Western,72,1
Interpol,Narc,234,1
Inventions,Entity,557,2
Inventions,Peaceable Child,564,3
Inventions,Slow Breathing Circuit,602,2
Inventions,Springworlds,594,3
Inwolves,Roadmovie,554,1
IOGI,Feel At Home,635,1
Iron & Wine,Angels Go Home,756,2
Iron & Wine,Boy With a Coin,320,12
Iron & Wine,Brother In Love,449,2
Iron & Wine,Calm on the Valley,645,1
Iron & Wine,Cinder and Smoke,186,16
Iron & Wine,Cold Town,654,1
Iron & Wine,Each Coming Night,189,1
Iron & Wine,Fever Dream,457,1
Iron & Wine,Glad Man Singing,457,1
Iron & Wine,Half Measures,817,1
Iron & Wine,Innocent Bones,326,1
Iron & Wine,Interview,326,2
Iron & Wine,Jesus the Mexican Boy,168,1
Iron & Wine,Jezebel,219,4
Iron & Wine,Lion's Mane,457,1
Iron & Wine,Lover's Revolution,525,1
Iron & Wine,Lovesong Of The Buzzard,322,6
Iron & Wine,Low Light Buddy of Mine,529,8
Iron & Wine,Naked as We Came,247,5
Iron & Wine,Never Meant,761,1
Iron & Wine,Passing Afternoon,207,7
Iron & Wine,Rabbit Will Run,445,4
Iron & Wine,Resurrection Fern,272,1
Iron & Wine,Such Great Heights,152,1
Iron & Wine,That's How You Know,695,1
Iron & Wine,Trapeze Swinger,391,1
Iron & Wine,Tree By The River,449,1
Iron & Wine,Upward Over the Mountain,139,3
Iron & Wine,Waitin' for a Superman,390,3
Iron & Wine,Weary Memory,296,1
Iron & Wine,Woman King,272,2
Iron & Wine,You Never Know,749,3
Iron & Wine + Ben Bridwell,Luther,796,1
Iron & Wine + Ben Bridwell,More Than This,798,1
Iron & Wine and Calexico,Burn That Broken Bed,241,2
Iron & Wine and Calexico,He Lays in the Reins,255,1
Isabelle Lewis,O Solitude,790,1
Isan,Birds Over Barges,172,2
Isan,Cathart,118,2
Isan,Dapperling,428,1
Isan,Fueled,655,1
Isan,Salamander,4,2
Isan,Scraph,69,1
Isan,Ship,279,3
Isan,Table of Deciduous Species,93,1
Isan,Wistfull Song for a Soaring Superstar Gull,7,1
Isan,"Zip Left, Zip Right",10,1
Isbells,A Little Bit Longer,777,1
Isbells,As Long as It Takes,409,3
Isbells,B.B. Chevelle,409,2
Isbells,Dreamer,415,1
Isbells,Erase & Detach,489,5
Isbells,I'm Coming Home,415,1
Isbells,Illusion,488,1
Isbells,Interview,409,1
Isbells,Reunite,404,2
Isbells,Time's Ticking,409,2
Isbells,Waltz #2,545,1
Isbells,Without a Doubt,401,5
Isis + Aereogramme,Low Tide,284,3
Islands,Humans,271,1
Iso68,Est Plus,101,4
Isobel Campbell & Mark Lanegan,Black Mountain,257,14
Isobel Campbell & Mark Lanegan,The Raven,348,13
Isobel Campbell & Mark Lanegan,We Die and See Beauty Reign,435,3
Ivy Falls,Strange Way,745,1
Ivy Knight,Red Rock,825,1
Ivy Wye,Stone to a River,688,2
Izzy Johnson,Seeing,650,1
J Mascis,Help Me Amma,262,1
J Mascis,I Can't Find You,747,1
J Mascis,Make It Right,454,5
J Mascis,Me Again,577,2
J Mascis,Not Enough,448,1
J Mascis and the Fog,Can't I Take This On,33,1
J Mascis and the Fog,If That's How It's Gotta Be,122,1
J Mascis and the Fog,Waistin,34,1
J-Majesty,R Is for Rocket,31,1
J-Majesty,West Side Highway,30,1
J. Perkin,unknown song,9,1
J. Tillman,Barter Blues,373,2
J. Tillman,Crosswinds,398,2
J. Tillman,For an Hour With You,281,3
J. Tillman,Steel on Steel,375,1
J. Tillman,Untitled,401,1
J. Xaverre,Burning Dim,160,1
J.E. Sunde,I Don't Care to Dance,623,1
J.E. Sunde,I Don't Care to Dance (feat. Monica Martin & Dory Bavarsky),683,1
Jaan Hantson,Until Forever,825,1
Jack Drag,Aviating,38,1
Jack Drag,Beer Helps Us Cope,109,1
Jack Drag,Crazy,37,1
Jack Drag,We Could've Been big,43,1
Jack Ladder,Missing (feat. Sharon Van Etten),794,1
Jack Name,Dudette,635,1
Jack Penate,Crumbs,659,2
Jack Wyllie & Duncan Bellamy,Juniper,830,2
Jackie West,Tiny Glowers II,743,1
Jackie-O Motherfucker,Everyday,127,1
Jackson One,Push Me,57,2
Jaga Jazzist,For All You Happy People,529,2
Jaga Jazzist,Going Down,103,4
Jaga Jazzist,Plym,206,11
Jaga Jazzist,Shinkansen,612,3
Jaga Jazzist,Suomi Finland,134,1
Jaga Jazzist,Tomita,619,3
Jaga Jazzist,Touch of Evil,414,7
Jaga Jazzist With Britten Sinfonia,For All You Happy People,545,1
Jaguar Sun,Thousand Down,784,2
Jake Xerxes Fussell,Boney,830,2
Jake Xerxes Fussell,Carriebelle,674,2
Jake Xerxes Fussell,Cuckoo,784,2
Jake Xerxes Fussell,Going to Georgia,755,3
Jake Xerxes Fussell & James Elkington,Callie Rose,804,1
James Blackshaw,Part 2,436,4
James Blake,Limit To Your Love,439,2
James Blake,Measurements,413,1
James Blake,Our Love Comes Back,529,5
James Blake,The Wilhelm Scream,452,2
James Blake & Bon Iver,Fall Creek Boys Choir,478,1
James Ellis Ford,Emptiness,724,3
james merle thomas,Ballad of Quecreek Mine,163,1
James William Hindle,Leaving Trains,189,1
James Yorkston,Choices Like Wide Rivers,637,1
James Yorkston & The Big Eyes Family Players,Martinmas Time,407,1
James Yorkston and The Athletes,5 a.m.,292,1
James Yorkston and The Athletes,I Awoke,286,2
James Yorkston and The Athletes,Interview,283,1
James Yorkston and The Athletes,Midnight Feast,373,1
James Yorkston and The Athletes,Steady As She Goes,283,1
James Yorkston and The Athletes,The Year of The Leopard,283,1
James Yorkston and The Athletes,Us Late Travellers,285,1
James Yorkston and The Athletes,When the Haar Rolls In,360,2
James Yorkston and The Athletes,Woozy With Cider,307,1
"James Yorkston, Nina Persson & The Second Hand Orchestra",A Forestful Of Rogues,710,2
Jamie Lidell,The Center,791,1
Jamie xx,Sleep Sound,565,3
Jan Swerts,Dezen killen grond,666,2
Jana Horn,All in Bet,808,1
Jana Horn,Days Go By,720,3
Jana Horn,Jordan,667,2
Jana Hunter,Babies,309,4
Jana Hunter,Have You Got Money,254,2
Jana Hunter,Paint A Babe,328,3
Jane Weaver,"Bow + Arrow, Ball of String",110,4
Jane Weaver,Interview,114,1
Jane Weaver,Romantic Worlds,752,1
Jane Weaver,Sessie,114,1
Japancakes,Where Things Leave Off,199,3
jasmine.4.t,You Are the Morning,778,1
Jason Collett,Waiting for the World,342,2
Jason Lytle,At the Mall in Klamath Falls,443,1
Jason Lytle,Brand New Sun,392,1
Jason Lytle,Interview,392,1
Jason Lytle,Matterhorn,510,4
Jason Lytle,Rollin' Home Alone,385,4
Jason Lytle,You're Too Gone,392,1
Jason Molina,Be Told the Truth,618,2
Jason Molina,Division St. Girl,176,3
Jason Molina,It Costs You Nothing,292,1
Jason Molina,It's Easier Now,289,3
Jason Molina,Long Desert Train,746,1
Jason Molina,The Dark,315,1
Jasper Llewellyn,For the Teacher,828,1
Jay Farrar and Benjamin Gibbard,One Fast Move or I'm Gone,410,2
JB Dunckel & Jonathan Fitoussi,Karakoum,786,2
JBM,Winter Ghosts,533,4
Jean Kapsa,Pastoral,740,2
Jeff Buckley,Everybody Here Wants You,18,1
Jeff Buckley,Hallelujah/I Know It's Over,18,1
Jeff Buckley,Nightmares by the Sea,18,1
Jeff Buckley,So Real,15,1
Jeff Hanson,Hiding behind the Moon,139,6
Jeff Hanson,I Just Don't Believe You,229,2
Jeff Hanson,Losing a Year,226,4
Jeff Pianki,Ready to Love You,751,1
Jeff Tweedy,Blank Baby,800,2
Jeff Tweedy,Love Is the King,621,1
Jeffrey & Jack Lewis,Williamsburg Will Oldham Horror,243,1
Jeffrey Lewis,Demoncrats,325,4
Jeffrey Lewis,Gold,159,2
Jeffrey Lewis,Seattle,120,4
Jeffrey Lewis & Junkyard,Bugs & Flowers,389,1
Jemima Coulter,Peeling/Heaven,693,1
Jenn Champion,Jessica,731,1
Jenn Grant,Rainy Day,318,2
Jenny Hval,Mephisto in the Water,534,1
Jenny Lewis,Happy,259,1
Jenny Lewis,Interview,259,1
Jenny Lewis,The Old Jordan,259,1
Jens Lekman,A Man Walks Into a Bar,247,1
Jens Lekman,A Postcard To Nina,333,3
Jens Lekman,And I Remember Every Kiss,326,4
Jens Lekman,Another Sweet Summer Night On Hammer Hill,256,3
Jens Lekman,Black Cab (acoustic),687,1
Jens Lekman,Erica America,505,1
Jens Lekman,I Know What Love Isn't,505,1
Jens Lekman,Interview,505,1
Jens Lekman,Pocketful of Money,257,13
Jens Lekman,The Cold Swedish Winter,206,5
Jens Lekman,When I Said I Wanted to Be Your Dog,203,10
Jens Lekman,Your Beat Kicks Back Like Death,304,2
Jess Ribeiro,Airborne,758,1
Jess Ribeiro,Everything Is Now,748,1
Jess Ribeiro,Interview,758,1
Jess Ribeiro,Summer of Love,736,3
Jess Ribeiro,The Trees and Me,754,2
Jesse Sykes,Aftermath,299,1
Jesse Sykes,Eisenhower Moon,299,1
Jesse Sykes & the Sweet Hereafter,How Will We Know,293,5
Jesse Sykes & the Sweet Hereafter,Servant of Your Vision,457,2
Jessica Bailiff,Amnesia,126,1
Jessica Bailiff,Disappear,123,3
Jessica Bailiff,Interview,126,1
Jessica Bailiff,Shadow,126,1
Jessica Bailiff,Slowly (Show Me),512,1
Jessica Bailiff,Swallowed,126,1
Jessica Bailiff,Your Ghost Is Not Enough,507,2
Jessica Lea Mayfield,Bible Days,386,1
Jessica Lea Mayfield,Choose Myself,792,1
Jessica Lea Mayfield,For Today,386,1
Jessica Lea Mayfield,Interview,386,1
Jessica Lea Mayfield,Lounge Act,471,1
Jessica Lea Mayfield,Run Myself into the Ground,454,5
Jessica Lea Mayfield,We've Never Lied,370,6
Jessica Pratt,Empires Never Know,757,1
Jessica Pratt,Life Is,749,3
Jesu,Pity,707,2
Jesu,The Stars That Hang Above You (remaster),747,1
Jets To Brazil,In the Summer's When You Really Know,37,1
Jets To Brazil,Sweet Avenue,16,4
JF Muck,Circle,53,1
JF Muck,Mary My Kind,22,1
JF Muck,Physical,4,1
JFDR,Drifter,629,1
JFDR,Sideways Moon,722,1
JFDR,Spectator,715,1
Jfj,Race Towards Something,571,3
Jim James,Baby Dear,828,2
Jim James,Hopefully,48,1
Jim James,Interview,48,1
Jim James,Know til Now,514,1
Jim James,Lowdown,48,1
Jim James,State of the Art (A.E.I.O.U),518,6
Jim James,The Way That He Sings,48,1
Jim O'Rourke,Fuzzy Sun,2,5
Jim O'Rourke,Get a Room,87,4
Jim O'Rourke,Ghost Ship in a Storm,26,8
Jim O'Rourke,Good Times,668,1
Jim O'Rourke,Halfway to a Threeway,256,2
Jim O'Rourke,Hotel Blue,611,2
Jim O'Rourke,Life Goes Off,84,1
Jim O'Rourke,Prelude to 110 or 220/Women of the World,4,8
Jim O'Rourke,The Workplace,18,7
Jim O'Rourke,Women of the World,594,1
Jim Perkins,Last Letters (Goldmund Rework),787,1
Jim White,Corvair Reprise,55,1
Jimmy Eat World,For Me This Is Heaven,3,3
jj,And Now,418,3
Joachim Badenhorst & Naima Joris,A Million Tears,777,1
Joan As Police Woman,Eternal Flame,278,1
Joan As Police Woman,Flash,450,2
Joan As Police Woman,Interview,278,1
Joan As Police Woman,Safe to Say,765,2
Joan As Police Woman,To Be Lonely,357,7
Joan As Police Woman,We Don't Own It,270,7
Joan Of Arc,Me and America (or) The United Colors of the Gap,42,1
Joan of Arse,Things Asleep in the Sun,78,2
Joanna Newsom,81,415,3
Joanna Newsom,Bridges and Balloons,205,1
Joanna Newsom,"Clam, Crab, Cockle, Cowrie",217,3
Joanna Newsom,Cosmia,288,19
Joanna Newsom,Easy,422,3
Joanna Newsom,En Gallop,287,1
Joanna Newsom,Good Intentions Paving Company,417,1
Joanna Newsom,Jackrabbits,423,9
Joanna Newsom,Monkey & Bear,494,1
Joanna Newsom,No Provenance,429,1
Joanna Newsom,Only Skin,294,1
Joanna Newsom,"Peach, Plum, Pear",205,3
Joanna Newsom,Sprout and the Bean,192,15
Joasihno,We Are Dreaming of the Dark,529,1
Jodi,Hawks,659,1
Joe Vann,Can You Be Mine,637,1
Joel R. L. Phelps & The Downer Trio,Gala,548,2
Joel R.L. Phelps,Apology Accepted,57,2
John Craigie,Edna Strange,814,1
"john david, v",Wheels Within Wheels,97,1
John Francis Flynn,Mole in the Ground,731,1
John Frusciante,Lever Pulled,220,6
John Frusciante,Repeating,458,1
John Frusciante,Song to the Siren,381,2
John Galm,River of Blood,791,1
John Ghost,The Hedges,734,1
John Glacier,Heavens Sent,784,2
John Grant,Day Is Done,770,1
John Grant,The Only Baby,636,2
John Guilt,By Any Other Name,237,1
John Guilt,Howl,136,5
John Guilt,Interview,124,2
John Guilt,Red White Blue,146,1
John Guilt,Sessie,124,1
John Maus,Hey Moon,673,1
John Parish,How Animals Move,118,1
John Parish & Aldous Harding,Three Hours,725,1
John Parish and Polly Jean Harvey,"Passionless, Pointless",386,4
John Reis,Painted Half Apicture,8,1
John Roseboro,Close to You,790,1
John Roseboro,"Gethsemane (5'6"" Brunette and Cob Cottage Version)",694,1
John Roseboro,The Banquet,682,1
John Stuart Mill,A v 1,14,1
John Tejada,A World so Wide,67,1
John Vanderslice,Sea Salt,447,1
John Vanderslice,Trance Manual,259,11
John Vanderslice/the Magik Magik Orchestra,White Wilderness,452,2
John Wayne Shot Me,Interview,63,1
John Wayne Shot Me,Sessie,63,1
John Wayne Shot Me,Washing Machine,52,2
Johnny Cash,Hurt,124,3
Johnny Cash,One,39,1
Johnny Cash,The Mercy Seat,40,1
Johnny Dowd,Stumble & Fall,41,1
Johnny Parry,Sweet Nothings,337,1
Jolie Holland,Orange Blossoms,732,2
Jon Hopkins,Abandon Window,533,8
Jon Hopkins,"Ascending, Dawn Sky",667,1
Jon Hopkins,Dawn Chorus,631,2
Jon Hopkins,Forever Held (feat. Ólafur Arnalds),767,1
Jon Hopkins,Form By Firelight,581,3
Jon Hopkins,Immunity,587,4
Jon Hopkins,Modern Driveway,646,2
Jon Hopkins,Music For Psychedelic Therapy - Excerpt,663,1
Jon Hopkins,part viii - nothing is lost,763,1
Jon Hopkins,Scene Suspended,624,1
Jon Hopkins,Wilding Theme,811,1
Jonah Yano,Concentrate,737,2
Jonah Yano,Snowpath (feat. Clairo),765,1
Jonah Yano,The Water That I Am (feat. Le Ren),756,1
Jonas,Blanket,20,2
Jonas,Out of Fuel,21,1
Jonas,Veneral Disease,32,1
Jonathan Personne,Vision,784,2
Jonathan Wilson,Can We Really Party Today?,478,8
Jonathan Wilson,Marzipan,731,1
Jonny Greenwood,Spooks,591,1
Jono McCleery,Tomorrow,437,1
Jonsi Kjartan Holm Sin Fang,Bakgarðar,706,2
Jordan Klassen,Ash Wednesday,685,1
Jose Medeles,Richness of Peace (feat. M. Ward),683,1
Joseph Arthur,Invisible Hands,37,1
Joseph Shabason,Welcome to Hell,736,1
Josh Rouse,100m Backstroke,11,2
Josh Rouse,Laughter,12,2
Josh Rouse,Little Know It All,27,1
Josh Rouse,Me gusta dormir,9,1
Josh Rouse & Kurt Wagner,Somehow You Could Always Tell,1,1
Josh T. Pearson,Interview,460,1
Josh T. Pearson,Sorry With a Song,455,8
Josh T. Pearson,"Woman, When I've Raised Hell",460,1
Joshua Burnside,And You Evade Him/Born in the Blood,626,1
Joshua Burnside,Something Else,811,1
Joshua Burnside,The Good Life,766,2
Joshua Burnside,Up and Down,775,1
Josin,The Darkness,672,1
José González,Abraham,328,1
José González,Crosses,232,10
José González,Cycling Trivialities,326,4
José González,El Invento,638,2
José González,Hand on Your Heart,238,3
José González,Head On,654,1
José González,Heartbeats,230,2
José González,Hints,262,1
José González,How Low,328,1
José González,Interview,262,1
José González,Killing For Love,328,1
José González,Leaf Off/The Cave,595,2
José González,Line of Fire,661,1
José González,"Stories We Build, Stories We Tell",597,3
José González,Teardrop,328,1
José González,The Void,660,1
José González,Visions,646,4
José González,You & We,819,1
Joy Zipper,Check Out My New Jesus,181,1
JoyeR,777,756,1
JoyeR,Worst Thing,660,1
Juana Molina,Interview,365,1
Juana Molina,Los hongos de Marosa,364,3
Juana Molina,Micael,268,9
Juana Molina,No es tan cierto,202,1
Juana Molina,Quien?,206,2
Juana Molina,Un beso llega,271,6
Juana Molina,Vaca que cambia de querencia,653,1
Julia Holter,Gold Dust Woman,516,1
Julia Holter,I Shall Love 2,616,1
Julia Holter,Interview,502,1
Julia Holter,Marienbad,485,4
Julia Holter,Materia 2,828,1
Julia Holter,Our Sorrows,490,11
Julia Holter,So Humble the Afternoon,625,1
Julia Holter,Who Brings Me,753,1
Julia Holter,World,540,3
Julia Jacklin,Body,684,1
Julia Jacklin,Cross,690,1
Julia Jacklin,Don't Know How to Keep Loving You,621,4
Julia Jacklin,"Love, Try Not To Let Go",693,6
Julia Jacklin,Lydia Wears a Cross,689,1
Julia Kent,Only Child,527,1
Julia Shapiro,Death (XIII),661,1
Julian Lynch,Terra,455,4
Juliana Hatfield,Somebody Is Waiting for Me,23,1
Julianna Barwick,Crystal Lake,539,1
Julianna Barwick,Envelop,540,1
Julianna Barwick,Interview,540,1
Julianna Barwick & Mary Lattimore,The Four Sleeping Princesses,810,2
Julie Arsenault,Start Again,742,1
Julie Byrne,Moonless,727,2
Julie Byrne,The Greater Wings,724,1
Julie Doiron,Dance Music,145,2
Julie Doiron,Darkness to Light,667,2
Julie Doiron,Dirty Feet,249,1
Julie Doiron,Everybody Misses You (feat. Chris Sheppard),795,1
Julie Doiron,So Low,150,1
Julie Doiron,Some Blues,200,7
Julie Doiron,Spill Yer Lungs,382,2
Julien Baker,Favor,636,1
Julien Chang,Home for the Moment,748,1
Jullander,The New Look,162,1
June Madrona,Trying to Sleep,328,1
June McDoom,The City,696,1
June of 44,Cardiac Atlas,84,2
June of 44,Equators to Bi-Polar,173,7
June of 44,Of Information & Belief,32,7
June of 44,Recorded Syntax,19,4
Juni Habel,Rhythm Of The Tides,710,1
Junior,Slow Down,741,2
Junip,Don't Let It Pass,439,4
Junip,Line of Fire,519,13
Junip,Line of Fire (feat. Sharon Van Etten),725,1
Junip,Official,266,2
Junip,Rope & Summit,428,11
Juno,High Noon,79,1
Juno,We Slept in Rented Rooms (The Old School Bush),69,20
Justin Lewis Orchestra,"Made Us, Make Us",9,1
Jóhann Jóhannsson,A Memorial Garden On Enghavevej,696,1
Jóhann Jóhannsson,Card Read-Punch,361,1
Jóhann Jóhannsson,Flight From the City,621,3
Jóhann Jóhannsson,Melodia (Guidelines for a Space Propulsion Device Based on Heim's Quantum Theory),364,2
Jóhann Jóhannsson,The Cause of Labour Is the Hope of the World,465,2
Jóhann Jóhannsson,The Rocket Builder (Lo Pan!),366,12
Jóhann Jóhannsson,unknown song,387,1
Jónsi,Ambrox,666,1
Jónsi,Boy Lilikoi,423,1
Jónsi,Clearing,761,1
Jónsi,Grow Till Tall,416,8
Jónsi,Hengilas,424,3
Jónsi,Kolnidur,423,1
Jónsi,Shiver,624,1
Jónsi,We Bought a Zoo,485,3
Jónsi & Alex,Atlas Song,400,4
Jónsi & Alex,Happiness,381,3
Jürgen de Blonde,How Alien Abduction Eventually Leads to Misconceived James Deans,55,3
Jürgen de Blonde,Reincanary (For the Dead Birds),56,1
K.,Ballad,124,2
K.D.A.P.,The Slinfold Loop,656,1
Kaada,Celibate,280,1
Kaada/Patton,Seule,211,4
Kae Tempest,These Are the Days,685,1
Kaho Matsui,as u do,800,2
Kaki King,Bone Chaos in the Castle,363,1
Kaki King,Can Anyone Who Has Heard This Music Really Be a Bad Person?,356,2
Kaki King,Interview,363,1
Kaki King,Life Being What It Is,363,1
Kaki King,So Much For So Little,357,2
Kaki King,The Hoopers of Hudspeth,428,2
Kaktus Einarsson,Landscape,786,1
Kali Malone,Heavy With Fruit,829,2
Kali Malone,Living Torch II,697,1
Kali Malone,No Sun to Burn (for Brass),746,2
Kali Malone & Stephen O'Malley,Siren Song,807,1
Kama Aina,Wedding Song,290,2
Kammerflimmer Kollektief,"Du Siehst hoch, Du Siehst Wolken",88,2
Kammerflimmer Kollektief,Mond?,1,1
Kammerflimmer Kollektief,"Nachtwache, 15. September",230,1
Kante,Im ersten Licht,54,1
Kante,Zweilicht,55,1
Kara Jackson,Curtains,723,1
Kara Jackson,"Right, Wrong or Ready",756,2
Kara Jackson,Why Does the Earth Give Us People to Love?,721,3
Karate,Alingual,198,2
Karate,Corduroy,115,1
Karate,Death Kit,61,1
Karate,Fall to Grace,766,3
Karate,First Release,118,3
Karate,Gasoline,16,5
Karate,Hang Out Condition,114,2
Karate,Not to Call the Police,81,1
Karate,Operation: Sand,2,1
Karate,Original Spies,322,1
Karate,Remain Relaxed,132,4
Karate,Sever,37,2
Karate,"Silence, Sound",761,1
Karate,Sing,98,5
Karate,Small Fires,39,6
Karate,Tears of Rage,221,2
Karate,The Angels Just Have to Show,160,1
Karate,The Halo of the Strange,37,4
Karate,The Last Wars,94,2
Karate,The Same Stars,337,2
Karate,This Day Next Year,38,8
Karate,"This, Plus Slow Song",686,1
Karate,Water,195,14
Karate,What Is Sleep?,31,1
Karen Dalton,Something On Your Mind,630,1
Karen O and The Kids,Hideaway,404,1
Karl Blau,Celebrate by Singing,462,3
Karl Blau,Pasadena,762,1
Karl Blau,Section 11 Police Station #2,682,2
Karl Blau,Stream of Ganders,363,3
Kathleen Edwards,Wapusk,471,1
Kathleen Frances,Boy,679,1
Kathryn Joseph,For You Who Are The Wronged,687,2
Kathryn Joseph,The Burning of Us All,684,2
Katrine Ottosen,The Lovecats,404,1
Katy Kirby,Headlights,759,1
Katy Kirby,Portals,639,1
Katy Kirby,Wait Listen,747,1
Keaton Henson,Charon,491,1
Keaton Henson,Elevator Song,577,1
Keaton Henson,Marionette (feat. Julien Baker),657,2
Keenan O'Meara,Halley's Comet,826,1
Kelly Lee Owens,Olga,683,2
Kelly Moran,Vesela,737,1
Kelpe,Cut It Upwards,343,2
Kepler,Loose Ground,59,1
Kepler,Upper Canada Fight Song,56,2
Kevin Drew,Awful Lightning,737,2
Kevin Drew,Interview,324,1
Kevin Drew,My God,560,4
Kevin Drew,Sleepless In Stockholm,324,1
Kevin Drew,Untitled,324,1
Kevin Morby,A Coat of Butterflies,690,2
Kevin Morby,A Night at the Little Los Angeles,624,1
Kevin Morby,Die Young,817,1
Kevin Morby,Five Easy Pieces Revisited,726,1
Kevin Morby,Natural Disaster,824,1
Kevin Morby,Triumph,725,2
Key Losers,Bi-Focal,465,2
Khale,My Little Sister's Curiosity,348,4
Khonnor,Phone Calls From You,225,4
Kiasmos,Dazed,754,2
Kiasmos,Held,577,4
Kiasmos,Lit,578,2
Kiasmos,Told,828,1
Kidkanevil,Shunkanido,574,2
Kieran Hebden & William Tyler,If I Had a Boat,792,1
Kieran Hebden & William Tyler,Timber,800,1
Kilowatthours,Jignauseum,195,1
Kim Deal,Are You Mine?,770,1
Kim Deal,Nobody Loves You More,781,1
Kim Deal,Walking with a Killer,519,3
Kim Hiorthøy,Det blev fel,92,2
Kim Hiorthøy,"Evil House, Evil Day",127,1
Kim Hiorthøy,Forskjellige Gode Ting,146,10
Kim Hiorthøy,Goodbye to Song,336,1
Kim Hiorthøy,Melody Set,786,1
Kim Hiorthøy,On Sunday,141,2
Kim Hiorthøy,Wind Of Failure,333,7
Kim Hiorthøy,You Know the Score,191,7
Kimya Dawson,Anthrax,222,1
Kimya Dawson,Everything's Alright,165,2
Kimya Dawson,You Love Me,206,1
King Biscuit Time,I Love You,27,5
King Biscuit Time,I Walk the Earth,28,1
King Biscuit Time,Time to Get Up,27,1
King Creosote,Curtain Craft,382,3
King Creosote & Jon Hopkins,John Taylor's Month Away,460,2
King Hannah,A Well Made Woman,661,4
King Hannah,Big Swimmer (feat. Sharon Van Etten),751,2
King Hannah,Crême brûlée,623,3
King Hannah,Go-Kart Kid (HELL NO!),678,2
King Hannah,State Trooper,642,2
King Hannah,"Suddenly, Your Hand",803,1
King Hannah,The Mattress,759,1
King Hannah,The Moods That I Get In,680,1
King Hannah,The Sea Has Stretchmarks,628,2
King Krule,Filmsier,726,1
King Me,Almost Summer,59,2
King Of Woolworths,Bakerloo,75,1
King Of Woolworths,This Is Radio Theydon,99,1
King Q4,Kaliba,77,2
Kingdom,Elude,459,1
Kings of Convenience,Failure,54,4
Kings of Convenience,I Don't Know What I Can Save You From,76,1
Kings of Convenience,Into the Ring of Fire,37,2
Kings of Convenience,Love Is a Lonely Thing (feat. Feist),655,2
Kings of Convenience,Misread,191,6
Kings of Convenience,My Ship Isn't Pretty,401,10
Kings of Convenience,The Weight of My Words,55,2
Kings of Convenience,"Winning a Battle, Losing the War",51,3
Kinski,Schedule for Using Pillows and Bean Bags,192,1
Kira Kira,Beach Box Disasters,375,2
Kira Kira,Happahrolfur Salisu,343,2
Kira Skov,Love Is a Force (ft. Bill Callahan),224,2
Kira Skov & Lenny Kaye,Lenny's Theme,650,1
Kiss My Jazz,Still Losers,5,1
Kiss the Anus of a Black Cat,All Your Ghosts Are Worried,442,1
Kiss the Anus of a Black Cat,Feathers of the Wings of the Angel Gabriel,442,1
Kiss the Anus of a Black Cat,Hewers Of Wood And Drawers Of Water,438,6
Kisses,Candy Flip,815,1
KiTBA,My Words Don't Work,724,1
KiTBA,Tied to Strings,726,1
Kitchen,Julie,652,2
Kitchen,Sali,778,1
Kites On Coast,Sleep Walk,408,1
Kleerup,Until We Bleed (feat. Lykke Li),356,1
Klima,Fluorescent Stars,311,1
Klinck Trio,Flirting Around,804,1
kmrU,Resonant Sharing,701,1
Kohlbacher Verhelst,May Morning Dew,711,1
Kohlbacher Verhelst,The Buckrider,713,1
Komëit,Press Play,42,1
Kraftwerk,The Telephone Call,6,1
Krakow,Come On Home,304,5
Krakow,Dragging Me Down,386,4
Krakow,Far-Away Look,383,2
Krakow,Interview,385,2
Krakow,Like One,385,1
Krakow,One With the Birds,457,1
Krakow,Spirit Ditch,457,1
Krakow,What a Woman,385,1
Kreidler,Circles,33,1
Kreidler,Il Sogno di una Cosa,26,4
Kristine Leschper,Ribbon,670,1
Kristofer Åström,Just Another Lovesong,206,3
Kristofer Åström & Hidden Truck,All Lovers Hell,112,1
Kristofer Åström & Hidden Truck,Defender,110,6
Kristofer Åström & Hidden Truck,How Can You Live With Yourself?,112,1
Kurt Vile,Blackberry Song,408,3
Kurt Vile,Chazzy Don't Mind,685,3
Kurt Vile,Dandelions,626,1
Kurt Vile,Girl Called Alex,530,5
Kurt Vile,Holiday OKV,825,1
Kurt Vile,Interview,529,1
Kurt Vile,KV Crimes,529,1
Kurt Vile,On Tour,456,9
Kurt Vile,The Creature,470,1
Kurt Vile,Wakin On a Pretty Day,524,3
Kurt Vile & Luke Roberts,Hit of the Highlife,796,1
Kyle Crabtree & Jason Noble,Here in Your Mind,42,3
Köhn,(Kohn),1,1
Köhn,Space Is No Place,390,2
Köhn,Öhrosong,106,1
Köhn & de portables,"Good Evening, Sergeant",232,2
L'Altra,Certainty,118,3
L'Altra,Colding Fields,7,1
L'Altra,Colours,134,2
L'Altra,Little Chair,33,1
L'Altra,Morning Disaster,220,1
L'Altra,Motorme,85,1
L'Altra,Movement,32,3
L'Altra,Room Becomes Thick,32,3
L'Altra,So Surprise,216,4
L'Altra,Traffic,140,17
L'Altra,Tragically Older,86,2
L'Altra,Ways Out,131,1
L'Usine,Contamination,4,1
L'Usine,Feed Me,33,1
L'Usine,Freak,32,1
L. Jacobs,Behind the Great Curve,820,2
L. Pierre,Ache,305,1
L. Pierre,Crush,216,2
La Bonte,The Sky,665,1
La Sera,Love That's Gone,495,3
Labradford,Banco,194,1
Labradford,S,110,2
Labradford,Sedr77,146,1
Labradford,Streamlining,23,1
Labradford,Up to Pizmo,57,10
Labradford,Wien,263,2
Lady & Bird,Walk Real Slow,162,4
Ladyhawk,Long 'til the Morning,277,2
Ladylike,Fresh Linen,818,1
Lael Neale,Blue Vein,633,1
Laetitia Sadier,New Moon,664,1
Laika,Lower Than Stars,46,1
Lala Lala &amp; Baths,? ? ? ?^^-!!!!!heaven!!!!!!,618,1
Lali Puna,40 Days,236,1
Lali Puna,6-0-3,22,2
Lali Puna,Alienation,333,1
Lali Puna,Bi-pet,136,1
Lali Puna,Contratempo,87,1
Lali Puna,Don't Think,143,1
Lali Puna,Everything Is Always,429,2
Lali Puna,Everywhere & Allover,186,1
Lali Puna,Faking the Books,187,14
Lali Puna,Left Handed,153,2
Lali Puna,Micronomic,186,1
Lali Puna,Nin-Com-Pop,23,25
Lali Puna,Small Things,184,2
Lali Puna,The Daily Match,196,1
Lali Puna,Together in Electric Dreams,157,3
Lamb,Softly,36,1
Lamb,What Sound,77,1
Lambchop,A Chef's Kiss,642,1
Lambchop,Afterburner,806,1
Lambchop,Caterpillar,97,10
Lambchop,Each Time I Bring It Up It Seems to Bring You Down,166,2
Lambchop,Flick,106,2
Lambchop,Gone Tomorrow,484,2
Lambchop,His Song Is Sung,697,2
Lambchop,If Not I'll Just Die,488,4
Lambchop,In Care Of 8675309,639,2
Lambchop,Just West of Nicollet,828,2
Lambchop,Life's Little Tragedy,85,2
Lambchop,Listen,178,3
Lambchop,Miss Prissy,21,1
Lambchop,My Blue Wave,103,1
Lambchop,Or Thousands of Prizes,137,1
Lambchop,Paperback Bible,286,1
Lambchop,Slipped Dissolved and Loosed,359,1
Lambchop,Soaky in the Pooper,269,1
Lambchop,Steve McQueen,177,2
Lambchop,The Last Benedict,652,1
Lambchop,The New Cobweb Summer,95,5
Lambchop,The Petrified Florist,52,3
Lambchop,This Corrosion,96,5
Lambchop,Untitled 1,106,1
Lambchop,Untitled 2,106,1
Lambchop,Untitled 3,106,1
Lambchop,Weakened,823,2
Lambchop,What Else Could It Be,3,2
Lambchop,Your Sucking Funny Day,40,6
Lampshade,Come Closer,260,2
Lampshade,The Hug,205,1
Lana Del Rey,Video Games,469,3
Land of Talk,Something We Said,670,1
Land of Talk,Your Beautiful Self,729,3
Landshapes,Racehorse,535,2
Landshipping,Deep Water,87,1
Landshipping,Weird Meat,20,1
Lankum,On a Monday Morning,719,4
Lankum,The Young People,622,1
Lanterna,Down by the Seine,40,1
Lanterna,Luminous,274,2
Lanterna,West Side Highway,127,1
Lanterns On The Lake,Another Tale From Another English Town,554,1
Lanterns On The Lake,"I Love You, Sleepyhead",469,6
Lanterns On The Lake,Interview,500,1
Lanterns On The Lake,Keep On Trying,500,1
Lanterns On The Lake,You Need Better,500,1
Larmousse,A Universal Hello,45,1
Larmousse,Relics & Artefacts,20,1
Larmousse,Tape,43,1
Lars Horntveth,Kahlua Blues,173,1
Lars Horntveth,News on the March,174,1
Last Days of April,At Your Most Beautiful,113,1
Last Days of April,The Days I Recall Being Wonderful,36,2
Last Days of April,"When I'm Gone, Will You?",112,1
Laura De Jongh,Hyperbool,812,1
Laura Gibson,Come by Storm,410,1
Laura Gibson,Curs in the Weeds,672,1
Laura Gibson,Funeral Song,398,4
Laura Gibson,Interview,410,2
Laura Gibson,La Grande,485,1
Laura Gibson,"Milk-Heavy, Pollen-Eyed",485,1
Laura Gibson,"Skin, Warming Skin",480,3
Laura Gibson,This Is Not The End,308,1
Laura Gibson & Ethan Rose,Boreas Borealis,432,1
Laura Gibson & Ethan Rose,Younger,428,2
Laura Marling,Child of Mine,765,1
Laura Veirs,End Times,624,1
Laura Veirs,Little Deschutes,415,1
Laura Veirs,Sadako Folding Cranes,540,2
Laura Veirs,Seaside Haiku,691,1
Laura Veirs,Snow Camping,183,3
Laura Veirs,Spelunking,242,1
Laura Veirs,Through December,222,3
Laura Y,All My Hands Can Take,756,1
Laurent Garnier,Communications from the Lab,5,1
Laurie Torres,Golden T-Shirts,781,3
LAV,Sardine Song,654,2
Lawrence Arabia,Early Kneecappings,503,1
Lazarus,Baby True,328,3
Lazarus,Fashion/Murder,207,14
Lazarus,Songs for an Unborn Sun,150,3
Lazzaro,Wide and Free,719,1
LB,Angie (Miniature Numerique),33,1
Le Loup,Go East,402,3
Le Mans,La Balada de la Primavera,23,1
Lea Thomas,Cosmos Forever,764,1
Leafcutter John,Beat,16,2
Leanne Betasamosake Simpson,Viscosity,641,2
Leaving,Mirrored Feeling,757,1
Lecx Stacy,"III, Are We Awake (feat. Eartheater)",734,1
Lee Ranaldo,Xtina As I Knew Her,492,5
Lee Ranaldo And The Dust,The Rising Tide,544,1
Lemon Jelly,Come,43,1
Lenola,Impossible,135,2
Les Rythmes Digitales,Kontakte,50,1
Leslie Winer,Once I Was,691,1
Let's Set Sail,Toledo,661,2
Levek,Girl In the Fog,509,2
Lewis & Clarke,Before It Breaks You,311,9
Lewis & Clarke,Bloody Coat,160,1
Lewis & Clarke,Dead and Gone,160,1
Lewis & Clarke,Doc Holliday Was a Phony,149,7
Lewis & Clarke,Interview,160,1
Lewis & Clarke,Triumvirate,577,1
Lewsberg,All Things,667,3
Lewsberg,Angle of Reflection,734,1
Leya,Corners (Chanel Beads Rework),788,1
Leya,Glass Jaw (feat. Julie Byrne),674,1
Leyya,Fix It,681,1
Lia Ices,(Un)chosen One,369,3
Lia Ices,Daphne,450,3
Lia Ices,Interview,454,1
Lia Ices,Love Is Won,454,1
Lia Ices,Wish You Were Here,488,1
Liars,King of the Crooks,657,1
Libra Les Scale,Stimm and Dross,211,1
Library Tapes,Hanami,672,1
Lichen Slow,Garden Gate,717,2
Lichen Slow,Hobbies,704,2
liesa Van der Aa,Troops,485,2
Lightning Bug,The Right Thing Is Hard To Do,642,2
Lightning Dust,Highway,311,2
Lightning Dust,Take It Home,407,2
Lightspeed,Perverse Dog on Wheels,20,1
Lilacs & Champagne,Sensations,490,1
Lili Grace,Saints,628,1
Lilium,If They Cheered,155,2
Lilium,Sorry,154,2
Limace,Nuit de chasseur,223,1
Limp,Orion,98,2
Limp,Silent Running,142,1
Lina K.O.,Arrhythmia,710,1
Lina K.O.,Back,768,1
Lincoln,"Atlanta, GA",99,1
Linda Fredriksson,Pinetree Song,667,1
Linda Perhacs,Children,561,2
LionLimb,Ultraviolet,664,1
Liquid Vega,Black Thunder,387,1
Lisa Germano,Red Thread,283,10
Lisa Germano,Sexy Little Girl Princess,28,1
Lisa O\'Neill,Goodnight World,709,1
Lisa/Liza,Rose Pedals,669,1
Lisette,Lucy,788,1
Little Dragon,Scribbled Paper,338,1
Little Dragon,Twice,320,3
Little Kid,Bad Energy,749,1
Little Mazarn,Honey Island General Store (feat. Acre Memos),733,1
Little Trouble Kids,For As Long,570,1
Little Wings,Laugh Now,211,1
Liz Durrett,Ablaze,219,3
Liz Durrett,Knives at the Wall,268,2
Liz Green,Displacement Song,486,1
Liz Green,Interview,486,1
Liz Green,The Quiet,483,3
Liz Janes,Bitty Thing,447,3
Ljudbilden & Piloten,Seventeen Curves/Five Lines,232,1
LL Burns,Ten Long Years,811,1
Llips,The Brooklyn Attitude,60,1
Llips,Unalaska,18,1
Lo Fidelity Allstars,Just Enough,46,1
Lo-lee-ta,Juno,679,1
Local Natives,Airplanes,409,11
Local Natives,Bowery,518,3
Local Natives,Breakers,510,2
Local Natives,Colombia,519,1
Local Natives,Stranger Things,424,1
Local Natives,Wide Eyes,418,1
Local Natives,World News,385,5
Loch Lomond,Blue Lead Fence,369,1
Locust,Just Like You,20,1
Logan Farmer,Butchers,792,2
Logan Farmer,River Black,627,1
Logan Farmer,The Hunt,807,2
Logan Farmer,The Lighthouse,810,2
Logan Farmer,William,699,2
Logh,A Sunset Knife Fight,218,3
Logh,Ghosts,144,1
Logh,The Contractor and the Assassin,154,4
Logh,The Invitation,310,1
Logh,The Passage,102,18
Lois,My Souvenir,48,2
Loka,Beginningless,178,2
Loma,Affinity,761,4
Loma,Black Willow,616,4
Loma,Don't Shy Away,622,1
Loma,How It Starts,755,2
Loma,Ocotillo,618,3
Lomelda,Hannah Sun,618,1
lomond campbell,Reel 1 Phase 6,684,1
Lone Wolf,Give Up,612,1
Lone Wolf,Keep Your Eyes on the Road,422,1
"Loney, Dear",Calm Down,476,3
"Loney, Dear",D Major,482,1
"Loney, Dear","Hard Days 1, 2, 3, 4",306,5
"Loney, Dear",I Lose It All,300,1
"Loney, Dear",In With The Arms,299,1
"Loney, Dear",Interview,482,1
"Loney, Dear",My Heart,482,1
"Loney, Dear",Trifles,635,2
Long Call,Oak Tree,750,1
Long Fin Killie,(A) Man Ray,91,1
Long Fin Killie,Lipstick,14,2
Loobke,Boots,167,1
Looper,These Things,16,1
Loose Fur,An Ecumenical Matter,261,4
Loose Fur,Elegant transaction,135,2
Loose Fur,Laminated Cat,645,1
Loose Fur,You Were Wrong,169,1
Lord Huron,Ends of the Earth,510,6
Los Campesinos!,Wait,770,1
Loscil,Two Chambers,721,1
Lost in the Trees,Fireplace,362,3
Lost Under Heaven,Goin' Broke For Christmas,631,1
Lost Under Heaven,I Surrender,724,1
Lots of Hands,Backseat 30,769,1
Lots of Hands,Perfume,776,1
Lotus,Orchids,487,1
Lou Barlow,Love Is Stronger,415,1
Lou Barlow,On The Face II,415,1
Lou Barlow,Over You,646,1
Lou Barlow,Puzzle,218,2
Lou Barlow,Royalty,215,4
Lou Barlow,Take Advantage,415,1
Lou Barlow,The One I Call,405,4
Lou Barlow,Too Much Freedom,415,1
Lou Barlow,Why Can't It Wait,652,1
Lou Barlow,Yawning Blue Messiah,299,5
Louise Weseth,Woodlands,672,1
Love Child,Wait & See,17,1
Love Like Birds,Drink Up,501,1
Love Like Birds,Sailorboy,480,4
LoverMan,Another Place,736,2
LoverMan,Candyman,727,1
LoverMan,Into The Night,681,4
LOVING,Medicine,740,1
LOVING,On My Way to You,748,2
Low,(That's How You Sing) Amazing Grace,116,3
Low,All Night,658,4
Low,Always Fade,297,5
Low,Always Up,616,2
Low,Amethyst,524,4
Low,Because You Stood Still,82,5
Low,Breaker,315,1
Low,Bright,810,1
Low,Broadway (So Many People),215,3
Low,Clarence White,527,1
Low,Days Like These,656,1
Low,Dinosaur Act,42,16
Low,Dragonfly,221,1
Low,Especially Me,469,3
Low,Everybody's Song,221,1
Low,Fearless,127,5
Low,Holy Ghost,528,3
Low,I Remember,203,1
Low,I'm On Fire,578,1
Low,In Metal,43,5
Low,Interview,61,5
Low,July,55,2
Low,Just Like Christmas,49,4
Low,Kind of Girl,61,1
Low,Laser Beam,58,4
Low,Last Night I Dreamt That Somebody Loved Me,81,9
Low,Long Way Around the Sea,707,1
Low,Monkey,214,16
Low,Murderer,315,2
Low,Nightingale,458,4
Low,No Comprende,593,2
Low,On My Own,594,2
Low,Plastic Cup,525,4
Low,Santa's Coming Over,371,2
Low,Sessie,305,1
Low,Silver Rider,221,4
Low,Stars Gone Out,43,1
Low,Sunflower,55,20
Low,The Price You Pay (It Must Be Wearing Off),658,2
Low,Time Is the Diamond,119,13
Low,Tonight,137,1
Low,Transmission,17,2
Low,Try to Sleep,451,9
Low,Turning Over,197,1
Low,Two-Step,10,3
Low,Venus,199,1
Low,Violence,792,1
Low,When I Go Deaf,221,3
Low & Spring Heel Jack,So Easy (So Far),21,6
Low + Dirty Three,Invitation Day,67,2
Lower Dens,Nova Anthem,498,1
Lower Dens,Propagation,501,2
Lowgold,Less I Offer,62,1
Lowgold,Never Alone,61,1
Lowgold,Out of Reach,56,1
Lowswimmer,Can't Be By Myself (feat. Novo Amor & Squirrel Flower),717,1
Luca Wilding,"Ruby, Don't Cry",626,2
Lucas Schreel,Inu,623,1
Lucas Schreel,Iraurbe,631,1
Lucas Schreel,Lirpa (Old Joy),621,3
Lucinda Chua,Until I Fall,650,1
Lucky Fonz III,The Island,339,3
Lucky Pierre,Angels On Your Body,120,1
Lucy Dacus,Bus Back to Richmond,802,2
Lucy Dacus,For Keeps,788,1
Lucy Dacus,Limerence,776,2
Lucy Dacus,"No Thank You, I Love You, Goodbye",830,1
Lucy Dacus,Talk,784,3
Lucy Dacus,Thumbs,641,3
Lucy Dacus,Thumbs Again,668,4
Luggage,Rot,664,1
Luka Kuplowsky,Fugitive Song (A Response to Rainer Maria Rilke),757,1
Luke Vibert,Sharp Az,16,1
Lula Wiles,In Dreams,645,2
Lullaby for the Working Class,Irish Wake,45,3
Lullaby for the Working Class,Show Me How Robots Dance,16,1
Luluc,Small Window,577,2
Luna,Pup Tent,13,1
Luna,The Old Fashioned Way,45,1
Lunar,-Tirwanto?,86,1
Lunar,Kozmonautika,52,1
Lunar,Reverberateur Numerique,51,1
lunar vacation,Only You,716,1
Lungfish,Hear the Children Sing,157,10
Lunz,Dew Climbs,233,3
Lunz,Lunz (Adem's Lunz),236,1
Lushes,Dead Girls,585,1
Lushes,Feastin,562,5
Lushes,Interview,585,1
Lutalo,Haha Halo,763,1
Lutalo,Hold My Head,729,1
Lyenn,Above the Sun,476,1
Lyenn,Interview,476,1
Lyenn,Lashes,473,2
Lyenn,One More Time,476,1
Lyenn,Under Your Skirt,408,1
Lykke Li,I Know Places,456,2
Lyla Foy,Rumour,568,5
Lynn Avery & Cole Pulice,All That the Air Allows,772,1
Lynn Avery & Cole Pulice,Sound Image,787,1
Lyr,Adam's Apple,620,1
Lyr,French Cursive,821,1
M. Craft,Emily Snow,202,1
M. Ward,Carolina,31,10
M. Ward,Chinese Translation,282,14
M. Ward,For Beginners,417,2
M. Ward,Fuel For Fire,220,2
M. Ward,Helicopter,150,1
M. Ward,Hold Time,376,3
M. Ward,Interview,380,1
M. Ward,Let's Dance,147,5
M. Ward,Look Me Over,64,1
M. Ward,Never Had Nobody Like You,380,1
M. Ward,Poison Cup,380,1
M. Ward,Rag in D Major/Crooked Spine,64,1
M. Ward,Scene From #12,34,1
M. Ward,Sentimental Blues,288,1
M. Ward,The First Time I Ran Away,494,3
M. Ward,To Go Home,307,1
M83,A Necessary Escape (Part 2),788,1
M83,Dismemberment Bureau,718,1
M83,Echoes,790,2
M83,Gone,151,10
M83,Highway of Endless Dreams,351,1
M83,Lower Your Eyelids to Die With the Sun,216,13
M83,"Radar, Far, Gone",713,2
M83,Safe,217,1
M83,Skin of the Night,352,10
M83,Spinning Fury (Part 2),807,1
M83,Wait,474,10
Mabe fratti,En medio,651,5
Mabe fratti,Hacia el vacio (ft. Claire Rousay),650,2
Mac DeMarco,Holy,796,1
Macha,C'mon C'mon Oblivion,199,2
Macha,Calming Passengers,202,1
Macha Loved Bedhead,Hey Goodbye,808,1
Macha Loved Bedhead,Only the Bodies Survive,818,1
Machinefabriek,IJspret 1,378,2
Mad About Mountains,Don't Be Angry,484,6
Mad About Mountains,Down the River Home,561,9
Mad About Mountains,Harlaz,565,1
Mad About Mountains,Hold On,491,1
Mad About Mountains,Interview,491,2
Mad About Mountains,Like Home,637,1
Mad Frankie Fraser,unknown song,2,1
Madeline Kenney,Superstition,637,1
Madison Cunningham,Wake (feat. Fleet Foxes),801,3
madrid,Magree,25,1
madrid,Une Pluie Seche,22,2
Maestro Echoplex,"I Know, I Know",108,1
Maestro Echoplex,My Eyes Are Disconnected from My Head Is Disconnected from My Body,97,6
Magic Arm,Daft Punk Is Playing at My House,392,1
Magik Markers,Born Dead,623,1
Magnet,I'll Come Along,133,2
Magnet,Quiet & Still,141,1
Magnolia Electric Co.,Don't Fade On Me,282,3
Magnolia Electric Co.,Hard to Love a Man,241,9
Magnolia Electric Co.,I Can Not Have Seen the Light,234,3
Magnolia Electric Co.,Knoxville Girl,396,6
Magnolia Electric Co.,North Star Blues II,277,1
Magnolia Electric Co.,"Talk to Me Devil, Again",283,2
Magnolia Electric Co.,The Black Ram,724,1
Mago,Tumbling Down the Rabbit Hole,124,2
Mahogany,Light Will Deserve a Place,12,1
mainframe theory,I Shall Come Forth as Gold,74,2
Maja Lena,Birch,636,1
Majical Cloudz,Bugs Don't Buzz,533,2
Majical Cloudz,Childhood's End,529,4
MakK,Overthinking,820,1
Malcolm Middleton,Blue Plastic Bag,340,3
Malcolm Middleton,Carry Me,391,2
Malcolm Middleton,Devastation,230,4
Malcolm Middleton,Four Cigarettes,301,2
Malcolm Middleton,Interview,236,1
Malcolm Middleton,Sessie,236,1
Malcolm Middleton,Stop Doing Be Good,395,1
Malcolm Middleton,The King of Bring,118,12
Mali Velasquez,Medicine,734,1
Man From The South,William,512,1
Man Man,Whalebones,354,3
Man Without Country,Parity,501,1
Mandarin,Holiday,193,2
Mandarin,Scribb,46,1
Mandarin,Siren,44,1
Mandarin,Waterborne,44,6
Manishevitz,Ice Pick,22,1
Manishevitz,Lonesome Cowboy Dave Thomas,14,3
Manitoba,Cherrybomb,154,2
Manitoba,Jacknuggeted,134,1
Manual,Midnight Is Where the Day Begins,107,4
Manyfingers,3 Forms,279,1
Maple Glider,Baby Tiger,652,2
Maple Glider,Good Thing,640,2
Maple Glider,Performer,656,1
Maple Glider,Swimming,646,1
Maple Glider,You're Gonna Be a Daddy,730,2
Maquiladora,Ankle,16,3
Maquiladora,Happy Day,17,3
Marble Sounds,A New Breeze,422,2
Marble Sounds,Come Here,424,1
Marble Sounds,Interview,422,1
Marble Sounds,My Friend,420,2
Marble Sounds,My Initial Intentions,699,2
Marble Sounds,Redesign,339,1
Marble Sounds,They Can Take Us Away,422,1
Marc Hellner,Asleep On the Wing,233,2
Marc Hellner,Overpasses,241,1
Marco Giongrandi,Long Wait,802,1
Marco Z,Arguably,639,1
Margot,Wait For You,690,1
Maria BC,Adelaide,633,1
Maria BC,Amber,731,1
Maria BC,Marathon,810,1
Maria Elena Silva,Narrowed,743,1
Maria Kelly,Like I Used To,664,1
Maria Somerville,Garden,788,3
Maria Taylor,Clean Getaway,303,2
Maria Taylor,Interview,314,1
Maria Taylor,Sessie,314,1
Maria Taylor,Two of Those Too,230,4
Marie Fisker,Interview,553,1
Marie Fisker,On the Beach,553,1
Marie Fisker,Silver Screen,553,1
Mariee Sioux,Bravitzlana Rubakalva,360,5
Mariee Sioux,Friendboats,366,1
Mariee Sioux,Ghosts in My Heart,489,2
Mariee Sioux,Interview,366,2
Mariee Sioux,Swimming Through Stone,366,2
Marika Hackman,Before I Sleep,598,4
Marika Hackman,Hanging,735,2
Marika Hackman,The Yellow Mile,744,3
Marilyn Manson,Working Class Hero,43,1
Marina Allen,Ophelia,654,1
Marion Rampal,Passe-montagne,685,1
Marisa Anderson,The Low Country,697,2
Marissa Nadler,1923,568,1
Marissa Nadler,All Out of Catastrophes,617,1
Marissa Nadler,Bessie Did You Make It,658,1
Marissa Nadler,Blue Vapor,617,1
Marissa Nadler,Carnival,609,3
Marissa Nadler,Dead City Emily,617,2
Marissa Nadler,Desire,556,7
Marissa Nadler,Drive,617,1
Marissa Nadler,Elegy,666,1
Marissa Nadler,Firecrackers,568,1
Marissa Nadler,For My Crimes,617,3
Marissa Nadler,Hatchet Man,799,1
Marissa Nadler,Heart Paper Lover,384,4
Marissa Nadler,I Can't Listen to Gene Clark Anymore,617,1
Marissa Nadler,Interview,568,2
Marissa Nadler,Moonchild,653,1
Marissa Nadler,New Radiations,794,1
Marissa Nadler,Pitseleh,591,2
Marissa Nadler,Poison,617,1
Marissa Nadler,Quicksilver daydreams of Maria,688,1
Marissa Nadler,River of Dirt,382,1
Marissa Nadler,Strangers,617,1
Marissa Nadler,Was It a Dream,617,1
Maritime,Young Alumni,249,2
Mark Eitzel,Anything,69,1
Mark Eitzel,Do You Really Want to Hurt Me,107,1
Mark Eitzel,Live or Die,11,1
Mark Eitzel,My Pet Rat St Michael,240,1
Mark Eitzel,To the Sea,70,3
Mark Eitzel,Wild Sea,30,1
Mark Kozelek,Bad Boy Boogie,62,1
Mark Kozelek,Celebrated Summer,375,2
Mark Kozelek,I Know,554,1
Mark Kozelek,It's Easier Now,528,1
Mark Kozelek,New Partner,264,3
Mark Kozelek,Up to My Neck in You,92,1
Mark Kozelek,You Ain't Got a Hold on Me,63,1
Mark Kozelek & Jimmy Lavalle,Baby in Death Can I Rest Next to Your Grave,531,3
Mark Kozelek & Jimmy Lavalle,By the Time That I Awoke,534,1
Mark Lanegan,Bombed,718,1
Mark Lanegan,Brompton Oratory,540,3
Mark Lanegan,One Way Street,73,2
Mark Lanegan & Duke Garwood,Sphinx,531,2
Mark Lanegan Band,I Am the Wolf,583,2
Mark Robinson,I'm Still Breathing,127,1
Mark William Lewis,Recent Future,798,2
Mark William Lewis,Tomorrow Is Perfect,792,5
Market,Bag of Jeans,681,2
Markus Acher,Like a Plane (feat. Saya),691,1
Markus Floats,C (feat. The Voice of Fred Moten),730,1
Marlon Williams,After the Revolution,744,1
Marmoset,Walking Thru the Lake,69,1
Marry Lattimore,"Horses, Glossy on the Hill",735,1
Marta Del Grandi,Some Days (feat. Fenne Kuppens),812,2
Marta Del Grandi,The Best Sea,755,1
Martha Skye Murphy,Need (feat. Roy Montgomery),755,1
Martin Kohlstedt,Luv,706,2
Martin Kohlstedt,Mem,826,1
Martin Kohlstedt,Vim,710,2
Marumari,Searching for the Sasha Wolf,22,1
Mary & me,You,336,1
mary in the junkyard,Bear Walk,772,1
mary in the junkyard,Mouse,827,2
Mary Lattimore,Blink,738,1
Mary Lattimore,Sometimes He's In My Dreams,626,1
Mary Timony,Ant's Dance,109,3
Mary Timony,The Hourglass,13,1
Marz,Forever Never,202,1
Masha Qrella,I Want You to Know,127,2
Masha Qrella,"Sister, Welcome",223,1
Masha Qrella,Unsolved Remained,224,1
Mason Lindahl,Outside Laughing,632,1
Mason Proper,Fog,372,1
Massis,Waterworks,71,2
Masters of the Hemisphere,Calm Calm Coma,54,1
Matt Bauer,Blacklight Horses,467,1
Matt Bauer,Blacksnake in the Carport,381,4
Matt Berninger,Take Me Out of Town,626,1
Matt Elliott,The Guilty Party,225,1
Matt Elliott,The Mess We Made,166,11
Matt Keating,On Closer Inspection,73,1
Matt Kivel,Amagansett (feat. Bonnie 'Prince' Billy),699,1
Matt Marque,Blowback,211,1
Matt Pond PA,A New Part of Town,88,3
Matt Smith,Lay Down in the Leaves,178,1
Matt Suggs,Harold Had a Hunch,28,1
Matt Suggs,Kisses,29,2
Matthew Lee Cothran,In A Carolina Motel Bar,631,1
Max Richter,Dream 11 / Moth-Like Stars - Pt. 2,794,1
Max Richter,Dream 11 / Moth-Like Stars - Pt. 7 / Faded,797,1
Max Richter,"Movement, Before All Flowers",762,1
Max Richter,Perihelion,786,1
Max Richter,Psychogeography,646,1
Max Richter,Richter: On the Nature of Daylight,811,1
Max Richter,They Will Shade Us With Their Wings,764,2
Max Tundra,Tell It to My Heart,29,1
Maximilian Hecker,Cold Wind Blowing,82,2
Maya Hawke,Thérèse,695,1
Maya Shenfeld,Analemma,749,2
Maya Shenfeld,"Body, Electric",671,1
Maya Shenfeld,Sadder Than Water,675,1
Mazzy Star,California,539,1
Mazzy Star,Common Burn,477,2
Mazzy Star,Fade Into You,389,2
Mazzy Star,In the Kingdom,545,1
Mazzy Star,Into Dust,139,1
Mazzy Star,Look On Down from the Bridge,68,2
Mazzy Star,She Hangs Brightly,475,1
Me,I Know This Much Is True,198,2
Me,Weightless,425,1
Meadowlark Valley,Beside the Hearth,654,2
"Meanwhile, Back in Communist Russia...",Anatomies,158,7
Meat Beat Manifesto,She's Unreal,8,2
Mechanical Bride,Lakes,464,2
Medications,Occupied,237,1
Meg Baird,"Ashes, Ashes",709,2
Meg Baird,Ship Captains,712,1
Meg Baird,The Waltze of the Tennis Players,355,1
Megafaun,Bonnie's Song,435,3
Megafaun,Kaufman's Ballad,401,11
Megafaun,These Words,469,3
Megan Perry Fisher,Pensée I,733,1
Melaina Kol,IMGNRYFRNDS,670,1
Melanie De Biasio,We Never Kneel to Pray,726,2
Melys,Can y Gegin,50,1
Memorial,Circle,758,1
Memorial,Teeth,825,2
Memoryhouse,Bonfire,419,3
Memoryhouse,Lately,470,2
Memoryhouse,Lately (Troisieme),427,1
Memoryhouse,When You Sleep,440,2
Men I Trust,Girl,701,1
Men I Trust,I Come With Mud,786,1
Menomena,E Is Stable,323,1
Menomena,The Late Great Libido,198,2
Menomena,The Monkey's Back,219,1
Merce Lemon,Crow,762,2
Merce Lemon,Watch Me Drive Them Dogs Wild,765,4
Mercelis,High,248,1
Mercury Rev,A Bird of No Address,761,2
Mercury Rev,Black Forest (Lorelei),384,2
Mercury Rev,Chains,77,6
Mercury Rev,Diamonds,384,1
Mercury Rev,Downs Are Feminine Balloons,27,1
Mercury Rev,Everlasting Arm,172,1
Mercury Rev,Holes,40,17
Mercury Rev,Little Rhymes,184,2
Mercury Rev,Opus 40,5,15
Mercury Rev,Senses on Fire,359,2
Mercury Rev,The Dark Is Rising,74,6
Mercury Rev,Tides of the Moon,75,3
Mercy Giants,Giantbox 26,146,1
Meril Wubslin,Grands espaces,751,1
Meril Wubslin,Un calme,746,1
Merope,Ei Dvipa,636,3
Merope,Lopšinė,769,1
Merry Pierce,Asha-Ppyascanbe,39,1
Mescalito,Rambla,32,1
Mescalito,Reliance,73,1
Mescalito,Shoreditch Oyster,31,2
MESKEREM MEES,My Baby,667,1
Mess Esque,Sweetspot,665,2
Metal Hearts,Gentleman's Spell,260,6
Metal Hearts,Sunray,271,1
Metallic Falcons,Berry Metal,274,2
Metrotone,Feel,29,1
Mew,Silas the Magic Car,401,2
Mew,White Lips Kissed,278,1
Mi and L'au,They Marry,252,8
Mia Doi Todd,Growing Pains,176,1
Mia Doi Todd,Interview,230,1
Mia Doi Todd,My Room Is White,223,7
Mia Doi Todd,What If We Do?,230,1
Micah P. Hinson,Abilene,364,1
Micah P. Hinson,I Keep Havin' These Dreams,354,2
Micah P. Hinson,Interview,364,1
Micah P. Hinson,Jackeyed,282,1
Micah P. Hinson,She Don't Own Me,293,1
Micah P. Hinson,The Cross That Stole His Heart Away,430,4
Micah P. Hinson,When We Embraced,364,1
Mice Parade,Eisa Dancers,682,1
Mice Parade,Into the Freedom World (1),59,2
Mice Parade,Nights Wave,233,4
Mice Parade,Passing & Galloping,235,1
Mice Parade,Recover,438,3
Mice Parade,The Castaway Team,58,4
Mice Parade,The Days Before Fiction,273,1
Mice Parade,"Two, Three, Fall",178,2
Michael A. Muller,This Is the Water and This Is the Light,787,1
Michael Cashmore,How God Moved at Twilight,303,1
Michael Cashmore,The Snow Abides,302,2
Michael Cashmore ft. Antony,How God Moved at Twilight,301,1
Michael Gira,Destroyer,323,1
Michael Gira,Interview,323,1
Michael Gira,Promise Of Water,323,1
Michael Nau,But Never Tips,818,1
Michael Nau,Shiftshaping,735,2
Michael Nau,Smokeflowers,795,1
Michael Price,In Spite of the Weather,659,2
Michael Price,The Attachment,601,1
Midaircondo,Although I Heard,240,4
Middle Sattre,Pouring Water,735,1
Midlake,Acts of Man,648,3
Midlake,Am I Going Insane,460,2
Midlake,Aurora Gone,545,4
Midlake,Bring Down,412,10
Midlake,Some of Them Were Superstitious,186,1
Midnight Choir,Mercy of Maria,33,1
Midnight Choir,Spiritual (feat. Mark Lanegan),35,1
Midnight Masses,Walk on Water,409,3
Midori Hirano,Patterns,664,2
Midwest,What Fun Life Was,129,1
Midwife,God Is a Cop,658,2
Midwife,Send The Pain Below,682,1
Midwife,Vanessa,762,1
Midwife & Vyva Melinkolya,Plague X,724,1
Miele,Jesus II,275,1
Migala,Instrucciones para dar cuerda a un reloj,106,2
Migala,La Espera,53,4
Migala,The Guilt,51,2
mike downey,"Oh, Randomness",268,2
Mike Lindsay,Kachumber,751,1
Mike Wexler,Pariah,484,1
Milan W.,Days in My Arms,768,4
Mildred,Fenceline,817,2
Mildred,Green Car,806,1
Milemarker,From Russia with Love,52,1
Miles Benjamin Anthony Robinson,Buriedfed,398,2
Miles Hewitt,The Ark,694,2
Milla Jovovich,Satellite of Love,11,1
Milosh,Couldn't Sleep,275,1
Milosh,Slow Down,547,1
Milosh,You Fill Me,261,11
Milosh,You Make Me Feel,198,1
Mils,Numby,1,1
Mimi Secue,Something Sometimes,253,1
Mimicking Birds,New Doomsdays,419,2
Minco Eggersman,Bye Bye Holland,531,2
Mineral,The Last Word Is Rejoice,84,1
Minguz,Someone to Protect Me From the Fall,525,1
Minihi,Tokaido,635,1
MINING,Petrichor,740,2
Minotaur Shock,It All Levels Out,768,1
Minotaur Shock,Local Violin Shop,94,1
Minotaur Shock,Motoring Britain,91,2
Minotaur Shock,Repertor,86,3
Minotaur Shock,The Range,92,1
Mint Julep,A Rising Sun,639,1
Mint Julep,In Your Sleep,642,1
Minus Story,Hold On,253,9
Minus Story,You Were On My Side,210,1
Mira Calix,Distracted2,145,1
Mira Calix,In a Beautiful Place Out in the Country (feat. Oliver Coaters),683,1
Mira Calix,Schmyk,683,1
Mira Calix,Upiyano,11,2
Mirabilia,Proustian Moments MK II,65,1
Miracle Fortress,Blasphemy,317,5
Mirek Coutigny,Bursting Balloon,617,1
Mirek Coutigny,Interview,617,1
Mirek Coutigny,July,741,1
Mirek Coutigny,Positive Loops,617,1
Mirek Coutigny,The Stairs,617,1
Mirek Coutigny,We Want To Be Remembered,710,2
Mirel Wagner,No Death,486,4
Mirel Wagner,Oak Tree,573,2
Mirrorring,Fell Sound,492,1
Mist,We Should Have Been Stars,137,2
Mitski,Buffalo Replaced,731,1
Mittland Och Leo,Ascona,582,1
Miya Folick,Fist,778,2
Miya Folick & Hand Habits,Almost Crimes,790,2
MJ Lenderman,She's Leaving You,761,2
MJ Lenderman,TLC Cagematch,683,3
MJ Lenderman,Toontown,687,2
MJ Lenderman,You Don't Know the Shape I'm In,764,2
MJ Lenderman & Wednesday,My Voice Is a Little Horse,634,1
Mobius Band,Butter Palace,93,1
Moby,Memory Gospel,47,1
Moby,Porcelain,8,1
Model/Actriz,Acid Rain,790,1
Modern Cosmology,A Time to Blossom (feat. Laetitia Sadier),722,1
Modern Nature,Orange,734,1
Modern Nature,Séance,617,1
Modern Woman,Dashboard Mary,810,1
Modest Mouse,3rd Planet,25,1
Modest Mouse,Alone Down There,25,1
Modest Mouse,Blame It on the Tetons,753,1
Modest Mouse,Bukowski,187,15
Modest Mouse,Cowboy Dan,4,4
Modest Mouse,Coyotes,601,2
Modest Mouse,Gravity Rides Everything,29,1
Modest Mouse,Heart Cooks Brain,100,1
Modest Mouse,Little Motel,308,17
Modest Mouse,Night on the Sun,45,2
Modest Mouse,The Cold Part,26,14
Modest Mouse,The Stars Are Projectors,27,2
Modest Mouse,Third Side of the Moon,824,2
Modest Mouse,Trailer Trash,62,1
Modest Mouse,You're the Good Things,44,1
Modest Mouse & 764-Hero,Whenever You See Fit,19,6
Mogwai,2 Rights Make 1 Wrong,62,6
Mogwai,Acid Food,264,1
Mogwai,Auto Rock,273,1
Mogwai,Boltfor,687,2
Mogwai,Burn Girl Prom Queen,670,1
Mogwai,Calling All Units,792,2
Mogwai,Christmas Song,139,1
Mogwai,Cody,185,2
Mogwai,Death Rays,447,4
Mogwai,Dial: Revenge,65,2
Mogwai,Does This Always Happen?,471,3
Mogwai,Dry Fantasy,625,5
Mogwai,Ex-Cowboy,153,1
Mogwai,Friend of the Night,260,12
Mogwai,George Square Tatcher Death Party,515,1
Mogwai,Heard About You Last Night,556,1
Mogwai,Helicon 1,87,2
Mogwai,Helps Both Ways,4,5
Mogwai,Hi Chaos,779,3
Mogwai,History Day,584,3
Mogwai,Honey,5,4
Mogwai,Hunted by a Freak,153,3
Mogwai,I Know You Are But What Am I?,169,2
Mogwai,"I Love You, I'm Going to Blow Up Your School",359,3
Mogwai,Interview,66,2
Mogwai,"It's What I Want To Do, Mum",643,1
Mogwai,Kids Will Be Skeletons,152,1
Mogwai,Killing All the Flies,153,2
Mogwai,May Nothing but Happiness Com through Your Door,753,1
Mogwai,Mogwai Fear Satan,303,4
Mogwai,Music for a Forgotten Future (The Singing Mountain),455,1
Mogwai,My Father My King,83,2
Mogwai,"New Paths to Helicon, Part I",14,13
Mogwai,"New Paths to Helicon, Part II",221,2
Mogwai,Pat Stains,638,2
Mogwai,Rage: Man,1,1
Mogwai,Rano Pano,443,4
Mogwai,Ratts of the Capital,149,11
Mogwai,Remurdered,553,10
Mogwai,Secret Pint,89,1
Mogwai,Stanley Kubrick,2,1
Mogwai,Star Wars,176,1
Mogwai,Summer,684,1
Mogwai,Take Me Somewhere Nice,63,13
Mogwai,Terrific Speech,288,3
Mogwai,The Huts,521,3
Mogwai,The Reach,676,2
Mogwai,"To The Bin Friend, Tonight We Vacate Earth",642,1
Mogwai,Tracy,11,4
Mogwai,We're No Here,263,1
Mogwai,Xmas Steps,49,1
Mogwai,Yes! I Am A Long Way From Home,89,1
Mogwai,You Don't Know Jesus,89,1
Mogwai,"You Find This World Bad, You Should See Some of the Others",778,1
Moin,Lift You (feat. Sophia Al-Maria),766,3
Mojave 3,Bluebird of Happiness,163,1
Mojave 3,Love Songs On the Radio,16,2
Mojave 3,Mercy,35,1
Mojave 3,She's All Up Above,229,1
Mojave 3,You're Beautiful,21,1
Moka,Batysaphe,37,1
Molina & Johnson,Each Star Marks a Day,405,3
Molly Parden,These Are The Times,626,1
Mon-o-phone,Anyway,579,4
Mon-o-phone,Sensual Blood,584,1
Money,Goodnight London,539,3
Money,Solong (Godisdead),503,1
Mono,Are You There?,755,1
Mono,Ashes in the Snow,787,1
Mono,Ashes in the Snow (Live with Orchestra Pitreza),803,1
Mono,Burial at Sea,427,3
Mono,Concertopname,184,2
Mono,Cyclone,585,1
Mono,Farewell to Spring,827,2
Mono,Gerbera,824,1
Mono,Halcyon (Beautiful Days),188,7
Mono,Halo,150,9
Mono,Haunting Echo,744,1
Mono,Hold Infinity In The Palm Of Your Hand,660,1
Mono,Innocence,657,2
Mono,Kioku,686,1
Mono,Loco Tracks,179,1
Mono,Meet Us Where The Night Ends,635,1
Mono,Moonlight,271,4
Mono,Nostalgia,505,6
Mono,"Nowhere, Now Here",646,3
Mono,Oath (Live with Orchestra Pitreza),801,1
Mono,Oath (Triptych),756,1
Mono,Pure As Snow (Trails Of The Winter Storm),445,2
Mono,"Recoil, Ignite",581,3
Mono,Scarlet Holliday,673,2
Mono,The Battle to Heaven,385,6
Mono,The Flames Beyond the Cold Mountain,270,3
Mono,The Place,689,1
Mono,Winter Daphne,820,1
Mono & World's End Girlfriend,Part Five,286,1
Monogold,Silence,464,2
Monopot,Diamant,150,1
Monroe Mustang,Veronica (Orange),22,2
Monsters of Folk,Dear God (Sincerely M.O.F.),399,8
Monsters of Folk,His Master's Voice,402,2
Moon Duo,Planet Caravan,627,1
Moonface,Heartbreaking Bravery,495,6
Moontype,Crushed,793,1
Moose,There's a Place,37,1
Morcheeba,What New York Couples Fight About (Feat: Kurt Wagner),113,3
Morphine,Candy,36,1
Morphine,Souvenir,3,2
Morphine,The Night,2,2
Morphine,You Look Like Rain,35,1
Moskitoo,Wonder Particle,539,2
Mote,Radio Spangle,2,1
Motek,Maybe I'll Go Home,284,3
Motenai,Dans quel pied j'ai mis l'univers,175,1
Motenai,Il pleut du soleil,173,1
Motorpsycho,Big Surprise,4,1
Motorpsycho,Greener,31,1
Motorpsycho,I Fall Down,82,1
Motorpsycho,My Best Friend,3,1
Motorpsycho,Painting the Night Unreal,76,1
Motorpsycho,Shane 2am,119,2
Motorpsycho,Taifun,36,2
Motorpsycho,The Other Fool,2,2
Motorpsycho,The Sailboat Song,166,1
Motorpsycho,Walkin' with J,16,1
Motorpsycho + Jaga Jazzist Horns,"Pills, Powders and Passion Plays",157,16
Mount Eerie,Distorted Cymbals,484,7
Mount Eerie,Huge Fire,725,2
Mount Eerie,I Spoke With a Fish,767,3
Mount Eerie,I Walk,762,1
Mount Eerie,I Walked Home Beholding,505,1
Mount Eerie,Interview,725,1
Mount Eerie,Let's Get Out of the Romance,279,2
Mount Eerie,Pumpkin,597,7
Mount Eerie,Real Death,627,1
Mount Eerie,Seaweed,698,1
Mount Eerie,Stone Woman Gives Birth to a Child at Night,725,1
Mount Eerie,Stone's Ode,399,4
Mount Eerie,The Place I Live,499,3
Mount Eerie,The Place Lives,498,2
Mount Eerie,Wind Speaks,423,1
Mount Eerie with Julie Doiron & Fred Squire,Lost Wisdom,365,4
Mount Florida,Celebration,48,1
Mount Kimbie,Bave's Chords,462,1
Mount Kimbie,Boxing (feat. King Krule),731,1
Mount Kimbie,Maybes,410,1
Mount Kimbie,Ode To Bear,438,2
Mount Kimbie,"So Many Times, So Many Ways",531,9
Mountain Man,Animal Tracks,409,2
Mountain Man,Soft Skin,432,3
Mountains,Sand,520,2
Mouse on Mars,Presence,64,1
Move Orchestra,Apex,612,1
Movietone,1930's Beach House,35,1
Movietone,Pale Tracks,165,2
Movulango,The Hand in My Pocket Is Clenched,809,2
Moxie,Palm Tree,92,1
Moxie,Supercat,94,4
mr_hopkinson's computer,Where Is My Mind?,278,1
Ms. John Soda,A Million Times,263,6
Ms. John Soda,Elusive,115,3
Ms. John Soda,Hiding/Fading,125,4
Ms. John Soda,Plenty Of,268,1
Ms. John Soda,"Sometimes Stop, Sometimes Go",158,3
Ms. John Soda,Unsleeping,426,1
Mt. Mountain,Dawn,642,2
Mt. Wolf,Red,587,3
Mugison,2 Birds,199,1
Mugison,Deep Breathing,354,2
Mugison,Rush,247,1
Mugison,Sea Y,157,2
Mull Historical Society,Public Service Announcer,190,1
Mumble & Peg,Which Will,12,2
Mumford & Sons,White Blank Page,375,2
Munch Munch,Bold Man of the Sea,443,2
Mundane,Illusive (Until You See It),57,1
Murcof,Dividing Space,645,1
Murcof,Reflejo,252,1
Murcof,Rios,241,6
Murcof,Una,403,1
Murder,Feast in My Honour,330,1
Murder,Help The Dead,448,3
Murder,Interview,330,2
Murder,No Room For Mistakes,450,1
Murder,Telegraph,330,1
Musika 77,Kellynch,294,2
Mustard Gas and Roses,Untitled,265,2
Mutual Benefit,Advanced Falconry,548,7
Mutual Benefit,Growing at the Edges,734,3
Mutual Benefit,Wasteland Companions,729,4
MV & EE,The Burden,328,4
MV & EE With The Golden Road,The Hungry Stones,371,2
My Bloody Valentine,(When You Wake) You're Still in a Dream,61,1
My Bloody Valentine,She Found Now,523,1
My Bloody Valentine,Sometimes,93,4
My Brightest Diamond,Be Brave,471,1
My Brightest Diamond,Disappear,304,2
My Brightest Diamond,Everything Is In Line,474,6
My Brightest Diamond,Gone Away,313,1
My Brightest Diamond,I Have Never Loved Someone the Way I Love You,474,1
My Brightest Diamond,If I Were Queen,413,2
My Brightest Diamond,Interview,355,2
My Brightest Diamond,Magic Rabbit,280,4
My Brightest Diamond,Sessie,355,1
My Brightest Diamond,The Brightest Diamond,351,5
My Brightest Diamond,This Is My Hand,578,2
My Latest Novel,Pretty in a Panic,263,1
My Latest Novel,The Hope Edition,266,1
My Little Cheap Dictaphone,Am I Your Friend,98,1
My Little Cheap Dictaphone,So Sorry Today,100,4
My Morning Jacket,Aren't We One?,763,1
My Morning Jacket,Bermuda Highway,215,3
My Morning Jacket,Death Is My Sleazy Pay,62,3
My Morning Jacket,Dondante,244,7
My Morning Jacket,Farewell Transmission,561,1
My Morning Jacket,Gideon,431,4
My Morning Jacket,Hopefully,224,2
My Morning Jacket,How Do You Know,106,2
My Morning Jacket,I Will Be There When You Die,47,2
My Morning Jacket,"I Will Be There When You Die (Live at Terminal 5, NYC)",767,1
My Morning Jacket,I Will Sing You Songs,157,5
My Morning Jacket,Librarian,357,2
My Morning Jacket,Like a River,608,4
My Morning Jacket,Lowdown,62,6
My Morning Jacket,Mother,9,1
My Morning Jacket,Movin' Away,467,3
My Morning Jacket,O Is the One That Is Real,122,3
My Morning Jacket,Old September Blues,5,4
My Morning Jacket,Picture of You,1,2
My Morning Jacket,Rollin Back,162,1
My Morning Jacket,Sooner,103,2
My Morning Jacket,Spinning My Wheels,618,1
My Morning Jacket,The Bear,3,12
My Morning Jacket,"The Bear (Live at Terminal 5, NYC)",771,1
My Morning Jacket,The Devil's in the Details,665,2
My Morning Jacket,The Way That He Sings,66,2
My Morning Jacket,Weeks Go by Like Days,24,5
My Morning Jacket,Wordless Chorus,264,1
My Morning Jacket,X-Mas Curtain,46,3
My Morning Jacket,Xmas Time Is Here Again,49,1
My Morning Jacket Featuring Ben Bridwell,Wonderful (The Way I Feel),498,1
My Precious Bunny,Tryin' but I'm Dyin',825,1
My Vitriol,Another Lie,43,1
MYNOLIA,Needle,825,1
Myriam Gendron,Bric-à-Brac,741,1
Myriam Gendron,Go Away From My Window,679,2
Mystery Tiime,Don't Cry,768,1
mòs ensemble,Red Turtle,745,1
Múm,A Dry Heart Needs No Winding,800,1
Múm,Green Grass of Tunnel,102,15
Múm,"I Can't Feel my Hand Any More, It's Alright, Sleep Still",147,1
Múm,I'm 9 Today,60,1
Múm,Kostrzyn,200,1
Múm,Marmalade Fires,325,10
Múm,Mild at Heart,795,1
Múm,Nightly Cares,182,9
Múm,On the Old Mountain Radio,76,13
Múm,Scratched Bicycle/Smell Memory,290,3
Múm,Sing Along,398,1
Múm,The Ballad of the Broken Birdie Records,13,23
Múm,They Made Frogs Smoke 'Til They Exploded,323,1
Múm,Underwater Snow,541,1
Múm,We Have a Map of the Piano,100,15
Múm,"Weeping Rock, Rock",184,1
n* grandjean,The First Picture,410,1
Nabihah Iqbal,Closer Lover,724,4
Nabihah Iqbal,Dreamer (feat. Zak Khan) [Slowspin Remix],750,2
Nad Navillus,So You Can Sleep Easier,162,3
Nadia Reid,Get the Devil Out,620,1
Naga Ghost,Pull It Through,652,3
Nagisa Ni Te,"Me, On the Beach",97,1
Nagloed,The Dream in Reality,822,1
Naima Bock,Lines,764,2
Naima Bock,Toll,690,2
Nala Sinephro,Grand Prix,801,2
Nalle,Ravens,262,2
Nancy Elizabeth,Battle And Victory,321,2
Nancy Elizabeth,Death in a Sunny Room,535,2
Nancy Elizabeth,Feet of Courage,398,1
Nancy Elizabeth,Interview,332,1
Nancy Elizabeth,Sessie,332,1
Nancy Wallace,The True Lover's Farewell,394,1
Napoli Is Not Nepal,Living In Soundwaves,127,1
Nat Baldwin,Lake Erie,548,1
Natalie Prass,My Baby Don't Understand Me,599,3
Natasha Pirard,Buisson de Mûres,800,2
Nate Scheible,There's Nothing That Says I Cannot Dream,678,1
Nate Scheible,With Any Kind of Luck,669,1
Nathan Salsburg,Here Song (feat. Bonnie 'Prince' Billy),653,1
Nathan Salsburg,IX,709,1
Nathan Salsburg,XII - Edit,704,2
National Skyline,Ghosts,38,3
National Skyline,October,39,2
Native Eloquence,Doldrum,610,2
Nausca,Story of the Whale (feat. Indigo Sparke),821,2
Neal Casal,Free Light of Day,202,1
Neal Morgan,Heart Ape,787,1
Neil Cowley,Circulation,643,2
Neil Cowley,Prayer,650,1
Neil Halstead,Driving with Bert,94,1
Neil Halstead,Seasons,93,1
Neil Halstead,See You on Rooftops,110,1
Neil Young,Distant Camera,17,1
Neko Case,Look for Me (I'll Be Around),124,1
Nell and the Flaming Lips,Girl in Amber,765,1
Netherlands,Something or Nothing,472,1
Neurosis,Shelter,194,1
NEVEL!,Vice Versa,826,1
New Multitudes,Chorine My Sheba Queen,493,2
New Wet Kojak,Auto-E,14,1
New Wet Kojak,Def Con Soul,13,2
New Wet Kojak,go4theoverkill,20,1
New Wet Kojak,Hot Sparks,10,2
New Wet Kojak,Let's Get Glorified,142,7
New Wet Kojak,Living 2 Low,72,7
New Wet Kojak,Nothing You Can Say,139,3
New Wet Kojak,Punxnotdead,51,1
NewDad,Kick the Curb,820,1
NewDad,White Ribbons,744,1
newmoon,Fading Phase,736,4
newmoon,Hi,665,1
newmoon,Same Distance,797,2
newmoon,Through the Glass,753,1
Nicholas Krgovich,Plants,643,1
Nick Cave,The Mercy Seat,629,1
Nick Cave,To Be By Your Side,87,1
Nick Cave & the Bad Seeds,Jubilee Street,522,5
Nick Cave & the Bad Seeds,Little Janey's Gone,60,1
Nick Cave & the Bad Seeds,Push the Sky Away,579,5
Nick Cave & the Bad Seeds,The Mercy Seat,553,1
Nick Cave & Warren Ellis,Dust Storm,611,2
Nick Cave & Warren Ellis,Song For Bob,332,3
Nick Drake,Cello Song,34,1
Nick Drake,River Man,46,2
Nick Drake,Road,678,1
Nick Drake,Thoughts of Mary Jane,263,2
Nick Hakim,Happen,694,5
Nico,Little Sister,95,1
Nicolai Dunger,For That Someone,93,1
Nicolai Dunger,Ol' Lovers,119,1
Nicolas Jaar,Colomb,453,7
Nicolas Jaar,Don't Break My Love,480,1
Nicole Dollanganger,Gold Satin Dreamer,703,1
Niecy Blues,Bones Become the Trees,669,2
Niels Orens,Remaining,816,2
Niels Orens,Too Tired To Sprint,686,4
Night Beds,Even If We Try,515,3
Night Beds,Interview,521,1
Night Beds,Lost Spring,521,1
Night Beds,Ramona,521,1
Nightlands,300 Clouds,435,2
Nightmares on Wax,Fire in the Middle,8,1
Nighttime,When the Wind Is Blowing,708,3
Nik Freitas,Pull My Leg,115,1
Nikakoi,PP,94,1
Nils Frahm,About Coming and Leaving,643,1
Nils Frahm,Black Notes,622,1
Nils Frahm,Briefly,696,1
Nils Frahm,Butter Notes,746,2
Nils Frahm,Canton,789,1
Nils Frahm,Durton (remastered),687,1
Nils Frahm,Familiar,469,12
Nils Frahm,Fundamental Values,629,1
Nils Frahm,Halm (Remastered),685,1
Nils Frahm,Hammers,548,2
Nils Frahm,Interview,548,1
Nils Frahm,Late,668,2
Nils Frahm,More,598,2
Nils Frahm,Ode,604,2
Nils Frahm,Ode - Our Own Roof,630,1
Nils Frahm,Peter,592,1
Nils Frahm,Re,507,9
Nils Frahm,Re (Paris),772,1
Nils Frahm,Says,548,6
Nils Frahm,Sweet Little Lie,617,1
Nils Frahm,Todo Nada,671,1
Nils Frahm,You Name It (Paris),750,3
Nils Frahm & Anne Müller,Journey For a Traveller,450,5
Nilüfer Yanya,Trouble,681,2
Nima Majo,Amarynth,25,1
Nina Kinert,Libras,359,3
Nina Nastasia,A Dog's Life,194,7
Nina Nastasia,Bird of Cuzco,247,1
Nina Nastasia,Counting Up Your Bones,300,1
Nina Nastasia,Interview,300,1
Nina Nastasia,The Matter (Of Our Discussion),300,2
Nina Nastasia,This is Love,689,1
Nina Nastasia,This Is What It Is,101,14
Nina Nastasia,What's Out There,429,1
Nina Nastasia & Jim White,How Will You Love Me,314,2
Nina Simone,Lilac Wine,230,1
Nina Winder-Lind,Street Hassle,831,1
Nine Inch Nails,Hurt,26,2
Nine Inch Nails,Something I Can Never Have,12,2
Nine Inch Nails,The Great Below,22,1
Nitin Sawhney,Walk Away,72,1
Nive Nielsen & Deer Children,Room,408,1
NLF3,Hihahaha Land,139,1
No Knife,At the Heart of the Terminal,28,1
No Windows,Tricky,791,2
Noah Yorke,Trying Too Hard (Lullaby),661,1
Nobody,Tilijem's Forrest,217,2
Nobody,What Is the Light?,393,1
Nobody ft. Ikey Owens,Girls Alone,247,1
Noise Addict,I Wish I Was Him,18,1
Noland Sunn,Memento Park,680,1
Nomad,Boardercross,282,3
Nomad,Fist,368,3
Nomad,Hahaha,375,1
Nomad,Ten Thousand Yen,375,1
Nomad,The Weekend,375,1
NoMeansNo,I Need You,23,1
noonday underground,Barcelona,127,1
Nora Lilith,Misfed,664,1
North Americans,Classic Water,717,1
North Highlands,Hiking,435,1
North Of America,Extent of the Apse Outstretched,27,1
Nosaj Thing,Eclipse/Blue Feat. Kazu Makino,508,8
Nosaj Thing,Nightcrawler,450,1
Nosaj Thing,Try ft Toro y Moi,518,2
Nosaj Thing feat. Julianna Barwick,Blue Hour,693,1
Nothing,In Metal,569,1
Nothing,Somersault,562,3
Nourallah Brothers,Missing You,57,1
Nourallah Brothers,Those Days Are Gone,58,2
Nova Nova,Plaid,15,1
Novel 23,The Light from the Star with the Name Xolq,50,1
Noveller,Concrete Dreams,595,3
November,Small Sad Writer (with Mascara),11,1
November,Spider Parc,46,2
Novgrod,Gum,697,1
Nudge,Classic Mode,233,2
nykolaes & Daniel Paul,Blankie,824,3
Nyles Lannon,Cruel,197,1
Nyles Lannon,Demons,196,1
Nyles Lannon,Fortune Cookie,207,1
Nyles Lannon,Hollow Heart,199,3
Nyles Lannon,Interview,207,1
Nyles Lannon,The Catch,206,1
Nyos,Light,685,1
Nyx Nott,Actioner,705,1
O.D. Davey,Help the Bombardier,598,2
o9,No Delay for Days,60,3
Oaktree,La fin,541,7
Oboken,Brain Box,77,2
Odd Nosdam,11th Ave. Freakout Pt 2,237,2
Oddfellows casino,Camping on the Moon,206,1
Oddfellows casino,Rabbit County,200,2
Oddfellows casino,Some Corner of the Evening,115,4
Oester,Bucktown,29,1
Office dog,Can't Wait,764,2
Office dog,In the Red,744,2
Office dog,Spiel,746,2
Ogonjok,Notions,92,1
ohbijou,Make It Gold,395,2
ohbijou,Wildfires,399,1
Okay Kaya,Damn Gravity,604,2
Okkervil River,A Favor,208,1
Okkervil River,A Girl in Port,320,5
Okkervil River,A Hand To Take Hold Of The Scene,321,1
Okkervil River,A King and a Queen,232,4
Okkervil River,Black Sheep Boy,248,3
Okkervil River,"Bruce Wayne Campbell Interviewed on the Roof of the Chelsea Hotel, 1979",359,6
Okkervil River,Hanging from a Hit,462,7
Okkervil River,Interview,480,1
Okkervil River,It'll Never Happen Again,519,2
Okkervil River,It's So Nice to Get Stoned,480,1
Okkervil River,Our Life Is Not A Movie Or Maybe,321,1
Okkervil River,The War Criminal Rises and Speaks,159,9
Okkervil River,Wake and Be Fine,480,1
Okkervil River,You're Untied Again,205,1
Okkervil River & The Antlers,Green to Gold,789,1
Oksana Linde,Mundos flotantes,776,1
Old Fire,Don't You Go (feat. Bill Callahan),693,1
Old Fire,Dreamless (feat. Adam Torres),700,1
Old Fire,Mephisto (feat. Bill Callahan),737,1
Old Fire,Window (feat. Julia Holter),702,2
Old Solar,Arousal,69,1
Old Solar,This Golden Mile,65,6
Oldham Brothers,Wouldn't It Be Nice,289,1
Oliver Coates,One Without,713,1
Oliver Tank,Different Speed (feat. Ta-Ku),544,4
Oliver Tank,Help You Breathe,491,2
Oliver Tank,Up All Night,488,2
One Little Plane,She Was Out In the Water,501,3
One True Pairing,Frozen Food Centre,740,1
Oneohtrix Point Never,Returnal,439,1
Ooberman,Running Girl,82,3
OP8,Cracklin' Water,41,3
Operator,Map,137,4
Optiganally Yours,Held,51,1
Optiganally Yours,Sleepytown Train,34,1
Optiganally Yours,You're Something Special to Me,114,1
Ora Cogan,Believe In the Devil,827,1
Ora Cogan,Katie Cruel,732,1
Ora Cogan,Lucile,783,1
Orange Black,(We've Lost) Gravity,108,18
Orange Black,Boy Meets Girl,2,1
Orange Black,I Can't Live in a Living Room,13,2
Orange Black,Lonely (With You),59,2
Orange Black,Over Consumption,85,1
Orange Black,Southern Feel,7,3
Orange Pecco,Or,73,1
Orcas,Capillaries,563,3
Orcas,Carrion,501,1
Orcas,Selah,566,1
Orcas,Until Then,484,3
Orchid Mantis,Another Life,749,1
Orchid Mantis,In the Dawn,805,1
Orchid Mantis,Light Take Me There Again Pt. I,743,1
Orchid Mantis,"Light Take Me There Again, Pt. II",738,2
Orcutt Shelley Miller,A Man Needs a Maid,826,1
Orenda Fink,Easter Island,240,2
Ormonde,Beach,587,5
Oscar and The Wolf,Moonshine,533,1
Oscar and The Wolf,Princess,583,1
Oscar and The Wolf,The Dreamers,464,3
Oscar and The Wolf,Where Are You?,574,2
OstinatO,Annotation,188,5
OstinatO,Goal of All Believers,270,1
OstinatO,Latitude,271,3
Ostzonensuppenwürfelmachenkrebs,"Andere Baustelle, ähnlicher Auftrag",22,1
Other Lives,Dust Bowl 1,666,2
Other Lives,For 12,465,8
Other Lives,For the Last Time,607,1
Other Lives,Interview,607,1
Other Lives,Mystic,794,2
Other Lives,Need a Line,605,4
Other Lives,Take Us Alive,507,3
Other Lives,Tamer Animals,469,12
Other People's Children,On a Clear Day,86,2
Otto Benson,Red and Neon,813,1
Our Broken Garden,Watermark,361,4
Our Brother the Native,We Are the Living,339,5
Out Hud,JGNE,121,2
Out Hud,This Bum's Paid,125,4
Outer,...a way out of here,814,2
Outer,In Limbo,810,2
Outlander,Joze De Sin,695,2
Oval,Ah!,430,1
Oval,Touha,713,1
Over the Atlantic,Fly to the States,283,3
Owen,Most Days and,143,1
Owen Pallett,Eating Noddemix,427,1
Owen Pallett,Interview,427,1
Owen Pallett,Lewis Takes Action,410,11
Owen Pallett,Lewis Takes Off His Shirt,421,2
Owen Pallett,Paragon of Order,634,1
Owen Pallett,The Great Elsewhere,417,2
Owen Pallett,The Passions,571,3
Owl & the Pussycat,Curtains,139,2
P.G. Six,The Dance,301,1
P:ano,Dark Hills,257,7
Pacific UV,Static Waves,157,1
Paco Cathcart,Bottleneck Blues,783,2
Pajo,Foolish King,281,2
Pajo,Ten More Days,239,1
Pajo,Who's That Knocking,283,8
Palace,The Brute Choir,26,1
Palace Brothers,Come In,103,1
Palace Brothers,King Me,96,2
Palace Brothers,O Lord Are You in Need?,235,2
Palace Brothers,You Will Miss Me When I Burn,456,1
Palace Music,More Brother Rides,162,2
Palace Music,New Partner,659,2
Palace Music,The Weaker Soldier,149,1
Palace Songs,Werner's Last Blues to Blokbuster,36,1
Palaxy Tracks,The Awful Truth,156,1
Pale Horse and Rider,Bruises Like Badges,187,1
Palms,Antarctic Handshake,537,1
Paloma,For Mothers & Fathers,106,1
Paloma,Interview,113,1
Paloma,"P, What Happened to You?",94,2
Paloma,Sessie,113,1
Paloma,The Lawnmower Operator's Happiness,14,1
Paloma,Watercolor...,105,1
Pan American & Kramer,A Mountain Is an Ancestor,754,1
Pan Sonic,Lomittain,30,1
Panda Bear,Comfy in Nautica,412,1
Panda Bear,Last Night at the Jetty,453,8
Panda Bear,Scheherazade,460,2
Panda Bear,Tropic of Cancer,593,5
Panda Bear,Venom's In (Demo feat. Cass McCombs),808,2
Panoply Academy Corps of Engineers,The Entertainers,24,1
Panoply Academy Corps of Engineers,Tsk Tsk,17,1
Pantaleimon,At Dawn,333,2
Pantaleimon,Raw Heart,332,1
Pantha Du Prince,Pius In Tacet,664,2
Pantha Du Prince,The Splendour,416,14
Pantha Du Prince,Welt am Draht,433,2
Pan•American,Code,6,1
Pan•American,Dr. Robert Goddard,378,1
Pan•American,Skylight,192,3
Pan•American,There Can Be No Thought of Finishing,379,1
Papa M,Beloved Woman,85,10
Papa M,Glad You're Here with Me,84,4
Papa M,Mountains Have Ears,191,1
Papa M,Safeless,178,2
Papa M,Vivea,183,1
Papas Fritas,It's Over Now,5,1
Papas Fritas,TV Movies,157,2
Paper Bird,Ghost Recovery,433,1
Papercuts,Fade Out,685,1
Papercuts,Future Primitive,391,2
Papercuts,I'll See You Later I Guess,456,2
Papercuts,John Brown,332,1
Papercuts,Summer Long,331,1
Papercuts,The Partisan,668,1
Paramount Styles,More Than Alive,343,5
Paramount Styles,Stay Alive,441,1
Parenthetical Girls,A Song for Ellie Greenwich,361,1
Parsley Sound,Ease Yourself and Glide,93,2
Parsley Sound,Interview,162,1
Parsley Sound,Platonic Rate,117,4
Parsley Sound,Sessie,162,1
Particle Kid,All One Day (Shadow Of The Sun),684,1
PAS/CAL,Poor Maude,202,1
Patches,Asking for a Friend,815,2
Patrick Shiroishi,"A Sparrow in a Swallow's Nest (With ""Paloma"" by Emma Ruth Rundle)",754,1
Patrick van 4AD,Interview,246,1
Patrick Watson,A Mermaid in Lisbon,655,1
Patrick Watson,Ami Imaginaire,800,1
Patrick Watson,Good Morning Mr. Wolf,609,3
Patrick Watson,Interview,331,1
Patrick Watson,Lost With You,625,3
Patrick Watson,Sessie,331,1
Patrick Watson,The Quiet Crowd,499,5
Patrick Watson,Wooden Arms,392,1
Patrick Wolf,Army Dreamers,428,1
Patrick Wolf,Augustine,303,8
Patrick Wolf,Interview,227,1
Patrick Wolf,The Gypsy King,218,18
Patrick Wolf,The Railway House,227,1
Patrick Wolf,To the Lighthouse,159,6
Patrick Wolf,Wind in the Wires,507,2
Patti Smith,Seneca,503,1
Patton,Many Hats,56,1
Paul Newman,Eight-Day Wait,9,1
Paul Newman,Order of Operations,14,1
Paul Newman,"Way to Breathe, No-Breath",57,1
paula newwoman,I Wanna Dance with Somebody,338,1
Pauwel,Bones,672,2
Pauwel,Deer,664,4
Pauwel,July,623,1
Pauwel,Murderer,684,3
Pauwel,Witches,619,3
Pauwel De Meyer,Two Feet on the Ground,523,2
Pavement,Elevate Me Later,75,3
Pavement,Grounded,134,16
Pavement,"Grounded (Live at the Fonda Theater, Los Angeles)",794,1
Pavement,Here,218,8
Pavement,Infinite Spark,126,1
Pavement,Major Leagues,324,1
Pavement,Spit on a Stranger,533,6
Pavement,The Hexx,161,3
Pavement,The Killing Moon,16,7
Pavement,Transport Is Arranged,376,1
Pavement,Type Slowly,30,1
Pavo,A Drone,23,1
peaer,I.D.W.B.W.Y.,811,1
Peaking Lights,Tiger Eyes,500,1
Peasant,The End,419,4
Pedro,Amber,96,1
Pedro the Lion,Bad Things to Such Good People,15,1
Pedro the Lion,Criticism as Inspiration,5,10
Pedro the Lion,Eye on the Finish Line,29,3
Pedro the Lion,Good Feeling,674,2
Pedro the Lion,Letter from a Concerned Follower,8,1
Pedro the Lion,Of Up and Coming Monarchs,737,1
Pedro the Lion,Simple Economics,13,2
Pedro the Lion,Tall Pines,760,1
Pedro the Lion,When They Really Get to Know You They Will Run,50,2
Peggy Sue,Parking Meter Blues,480,2
Pele,The Mind of Minolta,91,1
Pellumair,Iris,241,1
Pellumair,Seventy,239,2
Pellumair,Turnaround,210,4
Pelzig,Moto,113,1
Pem,Awe,758,1
Pem,"Milk, Blue",810,1
Pendleton,December,20,2
Pendleton,May,21,1
Penelope Isles,Another Kind of Love,829,1
Penelope Isles,Sailing Still,660,1
Penelope Trappes,Awkward Matrarch,669,1
People Press Play,Everything,310,2
Perfume Genius,All Waters,482,5
Perfume Genius,Hood,484,13
Perfume Genius,Interview,579,1
Perfume Genius,It's a Mirror,776,1
Perfume Genius,Katie,488,2
Perfume Genius,Learning,506,1
Perfume Genius,"Lookout, Lookout",506,1
Perfume Genius,Me & Angel,787,1
Perfume Genius,Mr. Peterson,435,3
Perfume Genius,My Body,579,1
Perfume Genius,Never Did,419,1
Perfume Genius,No Good,580,5
Perfume Genius,Normal Song,488,1
Perfume Genius,Queen,579,1
Perfume Genius,Story of Love,764,1
Perfume Genius + Alan Sparhawk,Point of Disgust,771,2
Pescadores,Church (feat. Jim James),663,1
Pete Krebs,Elevation,34,1
Peter and the Wolf,Lightness,294,2
Peter Broderick,A Year Without Summer,660,1
Peter Broderick,An Ending,355,2
Peter Broderick,And It's Alright,371,4
Peter Broderick,And It's Alright (Nils Frahm Remix),803,1
Peter Broderick,Another Glacier,311,1
Peter Broderick,Below It,370,2
Peter Broderick,Broken Patterns,551,4
Peter Broderick,It Starts Hear,486,3
Peter Broderick,Laser Beam,772,1
Peter Broderick,Let It Go,619,3
Peter Broderick,More and More,610,2
Peter Broderick,Old Time,480,1
Peter Broderick,Red Earth,597,3
Peter Broderick,"Sickness, Bury",369,2
Peter Broderick,Take Me Back,583,2
Peter Broderick,The Path to Recovery,399,1
Peter Broderick,With a Key,435,2
Peter Broderick,With the Notes in My Ears,370,1
Peter Broderick & Ensemble 0,Give It to the Sky,731,2
Peter Sandberg,Wait (feat. Siv Jakobsen),656,1
Peter Wolf Crier,Down Down Down,430,3
PETERSONIC,This Computer Is Not Authorised to Play Heartbeats,385,1
Petra Jean Phillipson,I Want the Impossible,250,1
Phelan Sheppard,Weaving Song,286,2
Phil France,The Swimmer,573,1
Philip Glass,Montage,511,1
Philip Selway,Miles Away,582,4
Philipp Johann Thimm,Meine Muse (Rework for the Düsseldorf Düsterboys),737,1
Philippe Cohen Solal,Can A Boy Forget His Mother,652,1
Phoebe Bridgers,Day After Tomorrow,670,1
Phoebe Bridgers,Garden Song,618,1
Phoebe Bridgers,If We Make It Through December,629,3
Phoebe Bridgers,Kyoto,627,2
Phoebe Bridgers,Other Plans,830,1
Phoebe Bridgers,Punisher,735,1
Phoebe Bridgers,Smoke Signals,660,3
Phoebe Bridgers,So Much Wine,704,1
Phoebe Bridgers,Still Standing,828,1
Phoebe Bridgers,That Funny Feeling,662,1
Phoenix,"Love Like A Sunset, Pt. 1",402,1
Phonem,Mainframe,20,2
Phon°noir,We Still Miss The Future,326,2
Phosphorescent,A New Anhedonia,524,8
Phosphorescent,A Picture of Our Torn Up Praise,344,6
Phosphorescent,All the Same,754,1
Phosphorescent,Bad News From Home,673,2
Phosphorescent,Heartaches of a Fool,378,6
Phosphorescent,"Hey, That's No Way to Say Goodbye",429,1
Phosphorescent,Impossible House,751,1
Phosphorescent,Interview,349,3
Phosphorescent,Los Angeles,430,11
Phosphorescent,"Meridian, Ms",693,1
Phosphorescent,Revelator,746,4
Phosphorescent,Sessie,349,1
Phosphorescent,Song for Zula,534,5
Phosphorescent,South (of America),237,1
Phosphorescent,The Mermaid Parade,429,1
Phosphorescent,The Quotidian Beasts,528,3
Phosphorescent,Wolves,321,11
Photo Ops,The Dream Is Done,718,1
Piano Magic,A Return to the Sea,19,7
Piano Magic,Crown of the Lost,113,1
Piano Magic,England's Always Better (As You're Pulling Away),317,1
Piano Magic,I Came to Your Party Dressed as a Shadow,63,1
Piano Magic,No Closure,19,5
Piano Magic,Saint Marie,174,1
Piano Magic,The Canadian Brought Us Snow,15,1
Piano Magic,The Drowning of St. Christopher,65,1
Piano Magic,The Fun of the Century,96,1
Piano Magic,The Season Is Long,110,1
Piano Magic,The Unwritten Law,267,1
Piano Magic,There's No Need for Us to Be Alone,12,1
Picastro,Dakar Relay,181,1
Picastro,No Contest,244,1
Picastro,No Name,182,1
Pieter (duyster-online.be),Interview,500,1
Pile,Lowered Rainbow,714,3
Pileup,Deano,701,1
Pileup,Glue,695,2
Pileup,Lying in the Road,815,1
Pileup,Omen on the Rail,808,2
Pillow,With the Passing of the Seasons,261,3
Pilote,The Fourth,54,1
Pinback,Anti-Hu,293,1
Pinback,Bloods on Fire,241,2
Pinback,Clemenceau,292,1
Pinback,Concrete Seconds,84,6
Pinback,Crutch,62,2
Pinback,Diminished,511,7
Pinback,Fortress,629,4
Pinback,Grey Machine,154,4
Pinback,Interview,202,1
Pinback,June,30,14
Pinback,Lyon,190,1
Pinback,Manchuria,32,3
Pinback,Non Photo-Blue,197,4
Pinback,Offline P.K.,76,1
Pinback,Penelope,75,2
Pinback,Proceed to Memory,507,1
Pinback,Rousseau,109,4
Pinback,Some Secret History,202,1
Pinback,Some Voices,30,1
Pinback,This Red Book,204,11
Pinback,Torch,320,5
Pinback,Trainer,31,1
Pinback,Tres,75,2
Pinback,Tripoli,2,21
Pinback,Victorious D,154,2
Pinback,West,77,1
Pinback,X I Y,424,2
Pinback,Your Sickness,78,2
Pinegrove,Respirate,678,2
Pinetop Seven,The Palm Acres Parade,52,2
Pink Mountaintops,Closer to Heaven,393,1
Pink Mountaintops,Outside Love,386,2
Pino Palladino and Blake Mills,Contour,797,1
Pit Er Pat,Uh-Oh,222,3
Pixies,Wave of Mutilation (Uk Surf),61,1
PJ Harvey,"A Child's Question, August",722,2
PJ Harvey,All and Everyone,452,4
PJ Harvey,Dear Darkness,325,9
PJ Harvey,Horses in My Dreams,41,11
PJ Harvey,I Inside the Old I Dying,726,1
PJ Harvey,It's You,192,2
PJ Harvey,Oh My Lover,27,1
PJ Harvey,Teclo,166,1
PJ Harvey,This Mess We're In,39,3
PJ Harvey,We Float,39,2
PJ Harvey,When Under Ether,648,1
PJ Harvey,You Come Through,292,1
Plants and Animals,Sea Shanty,402,1
Playdoh,Helikopter,183,2
Playdoh,Hint,1,2
Pleasant Grove,Commander Whatever,96,15
Pleasant Grove,Reset the Code,49,1
Pleasant Grove,There Is a Light,48,1
Pleasure Forever,Any Port in a Storm,73,1
Pleasure Forever,Goodnight,81,1
Pleasure Forever,Tomorrow Forever,73,1
Pluramon,Have You Seen,162,3
Pluramon,Have You Seen Jill (feat. Julee Cruise),692,1
Pluramon,Self,53,1
Pokett,Fall,224,1
Pokett,Follow,332,2
Polagirl,Pop Invasion,38,1
Pole,Rondell Zwei,42,1
Pole,Uberfahrt,83,1
Poltrock,Architect,636,1
Poltrock,Aulus #1,729,2
Poltrock,Belfast (Space CCI),723,1
Poltrock,Bray Dunes,716,1
Poltrock,Half Speed Fourth,740,1
Poltrock,Interview,740,1
Poltrock,Mute #14,740,1
Poltrock,Oscar,734,1
Poltrock,The Tragedy of Hanlet,739,1
Poltrock,Titanus Giganteus,725,1
Poltrock & de Roover,"44,2 km",660,2
Poltrock & de Roover,Two-thirds,656,1
Polvo,Bombs That Fall From Your Eyes,16,1
Pony Up!,Marlon Brando's Laundromat,218,3
Pony Up!,Shut Up and Kiss Me,288,1
Poolside,Harvest Moon,693,1
Poor Moon,Illusion,491,2
Pop Tarts,I Turn My Radio On,50,1
Pop Unknown,An Offering,7,1
Populous,Blood Red Bird,325,1
Populous,Clap Like Breeze (feat. Matilde Davoli),231,1
Populous,Ent-the Dexo,125,2
Populous,The Dixie Saga,226,2
Porcelain Raft,Is It too Deep for You?,487,2
Porches,Daddies,792,1
Porches,Everyone Goes to Heaven,825,1
Porridge Radio,Flowers,690,2
Porridge Radio,Machine Starts to Sing,781,2
Porridge Radio,Pieces of Heaven,766,3
Port O'Brien,Stuck On a Boat,358,1
Portal,Soundwaves,71,3
Portastatic,And I Was A Boy From School,300,1
Portico,101 (feat. Joe Newman),605,3
Portico Quartet,On the Light,669,1
Portishead,Cowboys,69,1
Portishead,Mysterons,12,1
Portland Cello Project,Travel,412,1
Posse,Shut Up,569,2
Pothamus,Varos,637,3
Pothamus,Ykavus,777,1
Prairie,Cut Me Open,634,1
Pram,Loose Threads,187,1
Prefuse 73,A Lord Without Jewels,746,2
Prefuse 73,"Drum Machine, Cello, Headwrap",171,5
Prefuse 73,Simple Loop Choir,383,2
Prefuse 73,Storm Returns,208,2
Prefuse 73,The Only Hand to Hold,458,1
Prefuse 73 Reads The Books,Pagina Cinco,235,6
Preston Woolsey,Marlboro Red (with Horsepower),811,1
Primal Scream,Keep Your Dreams,5,1
Primal Scream,You're Just Dead Skin to Me,30,1
Prolapse,Bruxelles,19,1
Prolapse,Zen Nun Deb,12,2
Promise and The Monster,Sheets,343,6
Promise and The Monster,The Delusioned and Insane,349,1
Proun,Echo,829,1
Psapp,Hill of Our Home,273,3
Psapp,Leaving in Coffins,212,3
Psapp,Tricycle,272,5
Pseudo Six,"Center, Empty Circle",188,1
Public Service Broadcasting,Howland,769,2
Public Service Broadcasting,Valentina,594,3
Pullman,Felucca,75,1
Pulseprogramming,Blooms Eventually,245,2
Pulseprogramming,Oh'halo,86,1
Pulseprogramming,Stylophone Purrs and Mannerist Blossoms,117,8
Puma Blue,Hotel Room,781,1
Puma Blue,It's Always You,791,1
Puma Blue,Tapestry,780,2
Puracane,14 Nights,16,1
Pure X,Someone Else,528,1
Pure X,Things In My Head,523,2
Pure X,Twisted Mirror,466,1
Puzzle Muteson,In Circles,579,1
Pyramid Electric Co.,Division St. Girl,214,1
Q and Not U,Collect the Diamonds,197,2
Q and Not U,Soft Pyramids,119,12
Quade,Beckett,789,1
Quade,The Balance,739,1
Quarter-life Crisis,Comfortable (feat. Hand Habits),627,2
Quarter-life Crisis,Stars (feat. Yohuna),632,1
Quasi,Fuck Hollywood,74,2
Quasi,The Golden Egg,115,3
Quasi,The Poisoned Well,22,1
Queen Adreena,Hide From Time,17,1
Queens of the Stone Age,I Was a Teenage Hand Model,46,1
"QUICKLY, QUICKLY",Photobook/Easy Listening,725,1
Quickspace,Minors,22,1
Quickspace,They Shoot Horse Don't They,2,1
Quilt,Penobska Oakwalk,472,2
Quinn Walker,I Know How to Be Alone,337,2
R.L. Kelly,Life's a Bummer,539,1
Rachel Dadd,Swift,704,1
Rachel Grimes,Bloodroot,426,4
Rachel Grimes,Further Foundation,609,2
Rachel Unthank & The Winterset,Felton Lonnin,371,3
Rachel Zeffira,The Deserters,520,3
Rachel's,A French Galleasse,40,5
Rachel's,An Evening of Long Goodbyes,104,2
Rachel's,Full On Night,18,1
Rachel's,Lloyd's Register,4,17
Rachel's,Southbound to Marion,801,1
Rachel's,"Wally, Egon & Models in the Studio",401,4
Rachel's,Water from the Same Source,158,13
Rachella Wred,November,782,1
Racing Mount Pleasant,Call It Easy,789,3
Racing Mount Pleasant,Emily,796,2
Radar Bros.,All the Ghosts,11,2
Radar Bros.,Happy Spirits,342,2
Radar Bros.,Morning Song,111,2
Radar Bros.,Shoveling Sons,2,5
Radar Bros.,"Sometime, Awhile Ago",263,4
Radar Bros.,The River Shade,266,1
Radar Bros.,To Carry Me Home,15,1
Radar Bros.,We're Over Here,132,1
Radical Face,Let The River In,304,1
Radical Face,Welcome Home,305,1
Radiohead,Bloom,454,4
Radiohead,Climbing Up the Walls,8,2
Radiohead,Daydreaming,619,1
Radiohead,Everything in Its Right Place,38,1
Radiohead,Fog,74,4
Radiohead,Harry Patch (In Memory Of),406,2
Radiohead,How to Disappear Completely,36,1
Radiohead,If You Say the Word,659,1
Radiohead,Reckoner,362,1
Radiohead,Skttrbrain (Four Tet remix),190,3
Radiohead,These Are My Twisted Words,398,1
Radiohead,Videotape,404,3
Rafter,Hope,307,2
Rainer Maria,Atropine,54,1
Rainy Miller x Space Afrika,The Graves at Charleroi (feat. Coby Sey),739,1
Ral Partha Vogelbacher,Birthday in Beijing,269,1
Ral Partha Vogelbacher,Charge of the Aral Sea Regulars,179,1
Ral Partha Vogelbacher,Kite Carry Obelisk over Lake Victoria,178,1
Ral Partha Vogelbacher,New Happy Fawn,267,1
Rameses III,For Elise (Cherry Blossom Falls),314,1
Ramses Van den Eede,The Figure of Speach,747,1
Rapt,Fallow (I-III),697,1
Raymondo,Grand Large,287,4
Raymondo,Open Air Projection,184,1
Raz Ohara & The Odd Orchestra,The Day You Suffered Helpless Out of Reach and All Lines Were Dead,402,1
Readymade F.C.,Cirkus,252,1
Real Estate,Green Aisles,474,8
Real Estate,Navigator,562,5
Real Estate,Pool Swimmers,408,1
Real Estate,Snow Days,445,1
Really From,Apartment Song,641,1
Rebekka Karijord,Nowhere Home,558,2
Rebekka Karijord,Sanctuary (feat. Roomful of Teeth),789,2
Red House Painters,All Mixed Up,91,2
Red House Painters,Drop,110,1
Red House Painters,Have You Forgotten,185,1
Red House Painters,I Am a Rock,474,1
Red House Painters,I'm Sorry,133,3
Red House Painters,Japanese to English,17,2
Red House Painters,Katy Song,15,6
Red House Painters,Kavita,65,5
Red House Painters,River,67,2
Red House Painters,Strawberry Hill,33,1
Red House Painters,Summer Dress,786,1
Red House Painters,Void,65,3
Red Sparowes,"""Annihilate The Sparrow, That Stealer Of Seed, And Our Harvests Will Abound; We Will Watch Our Wealth Flood In.""",316,1
Red Sparowes,A Mutiny,426,5
Red Sparowes,"Alone and Unaware, the Landscape Was Transformed in Front of Our Eyes",219,1
Red Sparowes,As Each End Looms and Subsides,424,2
Red Sparowes,"The Collapse Crept up Slowly, Like The Sunlight Through The Shutters, As We Looked Back In Regret",218,7
Red Sparowes,"The Sixth Extinction Crept Up Slowly, Like the Sunlight Through the Shutters, As We Looked Back in Regret",309,5
Red Sparowes,"We Stood Transfixed In Blank Devotion As Our Leader Spoke To Us, Looking Down On Our Mute Faces With A Great, Raging, And Unseeing Eye.",318,2
Red Stars Theory,And Often Off Again,31,4
Red Stars Theory,Combinations and Complications,23,2
Red Stars Theory,Our Nearest Neighbors,30,1
Red Stars Theory,Sailor's Warning,9,1
RedDer,Border/Lines,544,2
Regular Fries,Eclipse,41,1
Reiziger,God's Musical Messenger,61,3
Reiziger,Grab and Nailed,5,2
Reiziger,Is It Safe?,61,1
Reiziger,Taj Mahal of Paper,4,1
Reiziger,These Dislocations,42,1
Reiziger,Two Way Mirror,24,3
Remember Remember,Genie (for Amaya),393,1
Remember Remember,The Dancing,386,2
Remy Zero,Christmas,49,1
Retribution Gospel Choir,Kids,342,4
Retribution Gospel Choir,Seven (w/ guest Nels Cline),521,2
Retsin,The Good Lady Obstacle,71,1
Rex,Clean,23,1
Rex,Gathered,116,5
Rex,Jet,48,2
Rex,One Stew,94,2
Rhonda Harris,Holiday,99,3
Rhye,One of Those Summer Days,526,2
Rian Murphy & Will Oldham,Fall Again,33,1
Rian Murphy & Will Oldham,Song of All,33,1
Richard Buckner,Her,203,2
Richard Davies,Formulas,54,1
Richard Davies,Stars,56,1
Richard Dawson,Boxing Day Sales,771,1
Richard Dawson,Gondola,781,1
Richard Dawson & Circle,Silene,672,1
Richard Easton,Start Attack,35,1
Richard Skelton,Threads Across the River,418,1
Richard Swift,Ballad of You Know Who,340,2
Richard Swift,Losing Sleep,254,1
Rickie Lee Jones,For No One,35,1
Ricky Eat Acid + Arrange,Alumni,508,1
Ride,In a Different Place,15,2
Ride,Only Now,22,1
Rio en Medio,Heaven Is High,352,1
Ritt Momney,Lightshow,816,1
Rivulets,Can't I Wonder,665,2
Rivulets,Cutter,138,8
Rivulets,Cutter II (featuring Jarboe),179,7
Rivulets,Gentile Boyfriend,455,1
Rivulets,I Am,455,1
Rivulets,I Am No One,817,1
Rivulets,Interstate,455,1
Rivulets,Interview,168,1
Rivulets,My Favorite Drug Is Sleep,587,1
Rivulets,Summer Rain,583,4
Rivulets,The Fire,561,1
Rivulets,Waited for You,168,1
Rivulets,Will You Be There,168,1
Rivulets,You Will Miss Me When I Burn,186,2
RM Hubbert,Car Song (with Aidan Moffat & Alex Kapranos),482,2
Rob Crow,Burns,294,3
Rob Crow,Sophistructure,475,2
Rob Crow,When You Lie,167,1
Robert Lippok,I Can Tell,188,2
Robert Nanna,Forgiveness,133,1
Robert Pollard,Every Word in the World,194,1
Robert Pollard,Rumbling Joker,116,4
Robert Wyatt,Del Mondo,325,3
Robin Allender,The Bower,325,2
Robin Pecknold,I'm Losing Myself,456,2
Robin Saville,Cloud Pathology,371,1
Rocky Votolato,Evergreen,698,1
Rocky Votolato,Postcard From Kentucky,333,6
Rocky Votolato,The Light and the Sound,253,1
Rodan,Bible Silver Corner,669,3
Rodrigo Amarante,Tardei,566,2
Roedelius & Arnold Kasar,Lifeline,739,1
Roedelius/Story,As It Were,339,1
Roedelius/Story,Ba,674,2
Roedelius/Story,Spirit Clock,682,1
Rogue Wave,Be Kind - Remind,202,1
Rogue Wave,Christians in Black,343,10
Rogue Wave,Love's Lost Guarantee,244,1
Rogue Wave,Nourishment Nation,197,7
Rogue Wave,You,245,11
Ron Gallo,I've Already Won,803,2
Rona Mac,Sense,767,1
Roomer,Good on My Own,830,1
Roomer,Staircase Made of Rope,831,1
Roommate,Hot Commods,127,1
Roommate,Interview,166,2
Roommate,Last Dreams of Summer,346,2
Roommate,RP (Forget the Metaphors),119,12
Roommate,Sessie,276,1
Roommate,Status Hounds,166,1
Roommate,Tuesday,166,1
Rosa Butsi,Shoulders Knees,739,1
Rosales,Matter,681,1
Rose Riebl,Over Salt Sea,648,1
Rose Riebl,Unbound,803,1
Rosie Thomas,The One I Love,304,3
Rothko,Breatharian,25,1
Rothko,On the Day We Said Goodbye,110,3
Rothko,Roads Become Rivers (Rivers Become Oceans),284,2
Rothko,Traces of Elements,458,1
Rothko & Caroline Ross,Traces of Elements,226,3
Rough Fields,Manila,462,2
Route 500,I'll Play You Out (feat. Bess Atwell),717,1
Routine,Calm and Collected,630,2
Royal City,Bring My Father a Gift,196,1
Royal City,Don't You,153,1
Rozi Plain,Help,705,6
Rozi Plain,Silent Fan,664,2
Rozi Plain,Sore,709,1
Ruby Haunt,Half Light,831,1
Rudy Trouvé,Dishes,109,1
Rudy Trouvé,Down,131,2
Rudy Trouvé,Interview,5,2
Rudy Trouvé,Song under Construction,116,1
Rudy Trouvé Quintet,Cartoon Moon,117,1
Rudy Trouvé Quintet,Down,117,1
Rudy Trouvé Quintet,Early Day,117,1
Rudy Trouvé Quintet,Kitchen Table,117,1
Rudy Trouvé Quintet,Song under Construction,117,1
Rudy Trouvé Sextet,Stopped Smoking,176,2
Rufus Wainwright,Going to a Town (feat. Anohni),726,1
Runnner,Another Sublet,741,1
Runnner,Bike Again,703,2
Runnner,New Sublet,618,1
Runnner,Runnning In Place At The Edge Of The Map,712,2
Runnner,String,715,2
runo plum,Monarch,824,2
runo plum,Pond,803,1
Russell Simins,Cookies & Cream,47,1
Russian Circles,1777,544,2
Russian Circles,Bloom,693,7
Russian Circles,Cheyenne,549,1
Russian Circles,Memorial (feat. Chelsea Wolfe),546,2
Russian Circles,Philos,399,5
Russian Circles,Verses,350,16
Russian Circles,When the Mountain Comes to Muhammad,404,1
Ry X,Berlin,547,3
Ry X,Sweat,587,5
Ry X,Vampires,560,1
Ryan Adams,Come Pick Me Up,67,1
Ryan Davis & the Roadhouse Band,Free From the Guillotine,743,1
Ryan Hemsworth,Colour & Movement,518,3
Ryan Hemsworth,Snow In Newark (with Dawn Golden),583,2
Ryley Walker,Same Minds,594,3
Ryley Walker & Kikagaku Muyo,Pour Dampness Down in the Stream,637,1
Ryuichi Sakamoto,Minamata Piano Theme,659,1
S PRCSS,Altitude Is Sickness,145,1
S. Carey,Alpenglow,562,8
S. Carey,Break Me Open,676,2
S. Carey,Broken,436,2
S. Carey,Fire-scene,556,5
S. Carey,Mothers,437,2
S. Carey,Two Angels,493,2
S. Carey,Where I Was,689,2
S.G. Goodman,Nature's Child (feat. Bonnie 'Prince' Billy),799,1
Sackville,If His Shadow Moves on the Water,69,1
Sad Rockets,Interview,62,1
Sad Rockets,Sessie,62,1
Sadurn,Snake,683,1
Safety Scissors,Your Beautiful Feet,83,2
Saint Etienne,Just a Little Overcome,21,1
Saintseneca,Soft Axe,746,2
Salim Nourallah,Everybody Wants to Be Loved,189,2
Saltland,Treehouse Schemes,534,2
Salvatore,Medina Drive,186,1
Salvatore,Orval,200,2
Sam Amidon,Big Sky,780,1
Sam Amidon,Bright Sunny South,536,7
Sam Amidon,Devotion,581,2
Sam Amidon,How Come That Blood,413,5
Sam Amidon,I See The Sign,438,2
Sam Amidon,Interview,438,2
Sam Amidon,O Death,343,9
Sam Amidon,Pretty Fair Damsel,438,1
Sam Amidon,Rain And Snow,445,1
Sam Amidon,Relief,418,6
Sam Amidon,Short Life,539,1
Sam Amidon,Spanish Merchant's Daughter,625,2
Sam Amidon,The Needle And The Damage Done,448,1
Sam Amidon,Wedding Dress,539,1
Sam Burton,I'm a Stranger,829,1
Sam Cope,Dry Flowers,725,1
Sam Cope,Fruit Of,786,1
Sam Cope,Two Hands,789,1
Sam De Nef,Apollo,699,1
Sam De Nef,Come Over,699,1
Sam De Nef,Interview,699,1
Sam De Nef,Mother,630,3
Sam De Nef,Nightsong,640,2
Sam De Nef,Passerby's Ghost (feat. Tenci),687,5
Sam De Nef,Requiem For a Dreamer,625,1
Sam De Nef,Robin Bird,704,2
Sam De Nef,Rushing Sky,701,1
Sam De Nef,Starlit Waters,634,1
Sam De Nef,The Water In Which I Drown,714,1
Sam De Nef & Camille Camille,Requiem For a Dreamer,777,1
Sam De Nef & Camille Camille,Waving,732,3
Sam Kills Two,Your Whisper,380,1
Sam Prekop,Fall Is Farewell,698,2
"Sam Wilkes, Craig Weinrib and Dylan Day",Rain,761,1
Samantha Crain,"Malachi, goodbye",643,1
Samantha Crain,Two Sitting Ducks,651,1
San Fermin,Rennaissance!,549,3
Sandrayati,Vast (feat. Ólafur Arnalds),712,3
Sandro Perri,Circles,286,1
Sandro Perri,Family Tree,324,7
Sandro Perri,Impossible Spaces,470,2
Sarah Davachi,Play the Ghost,620,2
Sarah Neufeld,Rosa Canina (Mary Lattimore Rework),808,1
Sarah White,Ask Me Again,18,1
Sarah White,Poker Night,19,2
Sarah White,"You're Not Easy, You're Hard",17,1
Saso,My Brain Hurts,96,1
Satellites LV,Surfin,134,1
Satomimagae,Kiteki,671,2
Satomimagae,Many,782,1
Satomimagae,Tou,712,1
Savannah Conley,"Surprise, Surprise",630,1
Savath & Savalas,Sota l'Aigüa,203,1
Savath & Savalas,Te quiero pero por otro lado,175,2
Savath & Savalas,Último Tren,176,17
Savoy Grand,Business Is Good,96,3
Savoy Grand,Change Is an Engine,218,4
Savoy Grand,Match Farm,16,1
Savoy Grand,Millions of People,55,1
Savoy Grand,The Mirror Song,102,1
Savoy Grand,There's Nothing New Here,19,1
Savoy Grand,Time You Found Out,17,6
Say Hi,It's Springtime And The Aphids Have Arrived,704,2
Scarlett O'hanna,It's a Boy,572,3
Scayos,Souvenirs,828,1
SCayos & Somni,Souvenirs,831,1
Schneider TM,Caplets,271,1
Schneider TM,Frogstears,116,2
Schneider TM,Reality Check,120,3
Schneider TM,Switched on Boss Hog,21,5
Schneider TM,The Light 3000,41,11
School of Language,Ships,337,2
School of Seven Bells,Iamundernodisguise,384,1
School of Seven Bells,White Elephant Coat,376,4
Schreel Van De Velde,Dolfijn,648,3
Schreel Van De Velde,Zeebeer,651,2
Scientific American,The Seas Are the Skies,212,1
Scott Kelly,Remember Me,349,1
Scott Matthew,Community,395,1
Scott Matthew,Darklands,535,3
Scott Matthew,For Dick,389,3
Scott Matthew,Habit,347,5
Scott Matthew,Interview,395,2
Scott Matthew,Little Bird,395,1
Scott Matthew,No Place Called Hell,466,1
Scott Matthew,Ornament,394,1
Scott Matthew,Sinking,466,1
Scott McCloud,Come Around,806,2
Scott McCloud,Down Through the Stars,814,3
Scott McMicken and The Ever-expanding,Flying Over Water,756,1
Scott Orr,Gray,727,1
Scout Niblett,Black Hearted Queen,126,1
Scout Niblett,Dinosaur Egg,323,1
Scout Niblett,I'll Be a Prince,167,1
Scout Niblett,I.B.D.,417,3
Scout Niblett,Interview,167,1
Scout Niblett,Kiss,329,9
Scout Niblett,My Man,535,2
Scout Niblett,No Scrubs,530,1
Scout Niblett,Pom Poms,238,10
Scout Niblett,Untitled,167,1
Scout Niblett,Uptown Top Ranking,202,1
Sea + Air,Take Me for a Ride,510,1
Sea Oleena,If I'm,578,2
Sea Oleena,Island Cottage,436,1
Sea Wolf,Middle Distance Runner,343,1
Seabear,Cold Summer,417,1
Seabear,I Sing I Swim,318,1
Seabear,We Could Do Everything,685,2
Seafood,Dear Leap the Ride,15,1
Seafood,Desert Stretched Before the Sun,76,1
Seafood,Tossle,12,1
Seafood,What May Be the Oldest,27,2
Seam,Port of Charleston,24,2
Seam,Road to Madrid,47,10
Seam,Sometimes I Forget,4,5
Sean Solomon,Car Crash,781,2
Sean Solomon,Korpo,820,1
searows,Belly of the Whale,814,1
searows,Dirt,810,1
searows,Kill What You Eat,815,1
searows,Older,738,1
searows,To Be Seen,767,2
Sebadoh,Brand New Love,96,1
Sebadoh,Listen,540,2
Sebadoh,Not a Friend,565,2
Sebadoh,On Fire,86,18
Sebadoh,Riding,30,1
Sebadoh,Skull,39,2
Sebadoh,Soul and Fire,74,8
Sebadoh,Think (Let Tomorrow Bee),23,2
Sebadoh,Together or Alone,11,9
Sebadoh,Too Pure,202,1
Sebadoh,Truly Great Thing,657,1
Sebadoh,Vampire,67,2
Sebadoh,Willing to Wait,209,1
Secret Mommy,Dance Studio,250,1
Seefeel,Spangle,404,2
Seely,Meteor Shower,2,1
Seirom,I'm So Glad to Have Been a Part of You,582,1
Selah Broderick,I Am,726,1
Semifinalists,Hwy. 101,273,1
Sense Field,Open Heart Surgery,1,1
Sentridoh,No Matter What,771,1
Sentridoh,None of You Goddam Bizness,108,8
Sentridoh,On the Face,109,2
Sera Cahoone,Baker Lake,349,1
Serene,The Angels Are on Our Side,123,4
Serene,Truth Never Fears Exposure to the Light,122,1
Sessa,Canção da Cura,689,1
Set Fire to Flames,Steal Compass/Drive North/Disappear,151,1
Seven Ark,Sixteen,222,1
Seventeen Evergreen,Haven't Been Yourself,308,3
Sex Week,Toad Mode,742,2
sexytiger,Half-surprised,36,1
"Shabason, Krgovich, Sage",Patti,754,1
Shadow Universe,Season of Eternal Maze,681,1
Shadowgraphic City,Must have been the devil,133,1
Shady Bard,Memory Tree,338,1
Shaking Hand,Cable Ties,809,1
Shaking Hand,Mantras,802,4
Shaking Hand,Over the Coals,795,1
Shaking Hand,Sundance,810,1
Shaking Hand,The Shining,821,2
Shallowater,Sadie,798,2
shana cleveland,A Ghost,713,1
shana cleveland,Faces In The Firelight,710,1
Shannon Lay,A Thread To Find,659,1
Shannon Lay,Angeles,715,2
Shannon Lay,From the Morning,719,2
Shannon Lay,Geist,666,1
Shannon Lay,Rate To Wake,650,2
Shannon Lay,Song of Morning,701,1
Shannon Stephens,Wax and Feathers,506,2
Shannon Wright,In The Morning,316,3
Shannon Wright,Merciful Secret Blood of a Noble Man,444,3
Shannon Wright,Method of Sleeping,82,6
Shannon Wright,Mountains,780,1
Shannon Wright,Reservoir of Love,771,1
Shannon Wright,Tall Countryside,409,2
Shannon Wright,The Hits,776,2
Shannon Wright,Throw a Blanket Over the Sun,180,1
Shannon Wright,Within the Quilt of Demand,19,1
Shannon Wright,You'll Be the Death,180,10
Sharko,I Went Down,37,1
Sharon van Etten,Darkness Fades,688,2
Sharon van Etten,Every Time The Sun Comes Up,570,9
Sharon van Etten,Give Out,501,1
Sharon van Etten,I Don't Want to Let You Down,606,2
Sharon van Etten,I Know,575,1
Sharon van Etten,Interview,501,1
Sharon van Etten,Leonard,501,1
Sharon van Etten,Magic Chords,486,10
Sharon van Etten,Some Things Last a Long Time,649,1
Sharon van Etten,Taking Chances,564,7
Sharon van Etten,Used To It,680,1
Sharon Van Etten & The Attachment Theory,Fading Beauty,779,1
She & Him,You Really Got a Hold on Me,351,2
She Keeps Bees,Feather Lighter,586,2
She Keeps Bees,Interview,586,1
She Keeps Bees,Owl,579,5
She Keeps Bees,Wasichu/Greasy Grass,586,1
Shearwater,A Wake for the Minotaur,553,2
Shearwater,Aqaba,687,1
Shearwater,Castaways,410,3
Shearwater,Daydream Unbeliever,824,2
Shearwater,God Made Me,416,2
Shearwater,Home Life,355,6
Shearwater,Insolence,489,2
Shearwater,Interview,280,2
Shearwater,North Col,360,1
Shearwater,Palo Santo,274,10
Shearwater,"Red Sea, Black Sea",280,1
Shearwater,Rooks,344,13
Shearwater,Sessie,417,1
Shearwater,Wedding Bells Are Breaking Up That Old Gang of Mine,198,1
Shearwater,Whipping Boy,280,1
Shearwater,Xenarthran,682,2
Shearwater,You and Your Dog,828,1
Shellac,Song Against Itself,32,1
SHELLTER,Wissant,670,1
Shiner,Bells and Whistles,80,1
Shipping News,Actual Blood,49,4
Shipping News,Books on Trains,94,1
Shipping News,Cock-a-doodle-do,136,2
Shipping News,Contents of a Landfill,50,1
Shipping News,Haunted on Foot,293,2
Shipping News,Louven,227,11
Shipping News,Quiet Victories,181,1
Shipping News,Simple Halo,51,1
Shipping News,The Human Face,224,2
Shivaree,Idiot Waltz,19,1
Shivaree,Lunch,18,1
Shlohmo,The Way You Do,495,2
Sholi,All That We Can See,378,2
Sholi,Contortionist,377,1
Shoreline,Kings,274,2
Shudder To Think,Day Ditty,4,2
Shy Dog,Blue Stain,807,2
Sickoakes,Wedding Rings and Bullets in the Same Golden Shrine (Part I),258,1
Sickoakes,Wedding Rings and Bullets in the Same Golden Shrine (Part II),264,2
Side 4 Collective,Four Letters (feat. Sacred Animals & Adrian Crowley),755,1
Siem Reap,Ballerinas,801,3
Siem Reap,Happiness Is Other People,668,4
Siem Reap,Honingkuchen,664,4
Siem Reap,Lotus,803,3
Siem Reap,Might As Well Stay,637,1
Siem Reap,Oliver Kahn,798,2
Sienna Thornton,Esmeralda,796,1
Sigmafly,Tetrachrome,484,2
Sigmatropic,Haiku Ten,179,1
Signer,Komputa Ga Bukowarera,208,1
Sigur Rós,Andrá,727,1
Sigur Rós,"Andvari (Live in Reykjavík, 2024)",793,1
Sigur Rós,Andvari (The Tape Variations),806,1
Sigur Rós,Blóðberg,726,1
Sigur Rós,Brennisteinn,537,1
Sigur Rós,Bíum Bíum Bambaló,77,3
Sigur Rós,Dauðalogn,502,1
Sigur Rós,Dvergmál,628,1
Sigur Rós,Dánarfregnir Og Jarðarfarir,11,2
Sigur Rós,Ekki múkk,493,5
Sigur Rós,Festival,358,8
Sigur Rós,Flugufrelsarinn,314,1
Sigur Rós,Glósóli,558,4
Sigur Rós,Gold,727,3
Sigur Rós,Hrafntinna,539,1
Sigur Rós,Ný Batterí,11,11
Sigur Rós,Olsen Olsen,635,2
Sigur Rós,Starálfur,599,1
Sigur Rós,Svefn-g-Englar,1,6
Sigur Rós,Sæglópur,240,14
Sigur Rós,The Rains of Castamere,569,2
Sigur Rós,Untitled I,44,7
Sigur Rós,Untitled VI,478,1
Sigur Rós,Untitled VII,121,9
Sigur Rós,Untitled VIII,95,15
Sigur Rós,Valtari,513,1
Sigur Rós,Varúð,500,6
Sigur Rós,Viðrar Vel Til Loftárasa,64,3
Sigur Rós,Von,329,5
Sigur Rós,Ágætis Byrjun,13,3
Silent Poets,To Come...,20,2
Silje Nes,Giant Disguise,342,1
Silje Nes,Over All,338,2
Silkersoft,Sleep,557,4
Silkworm,Prayer to God,151,1
Silmus,Follow Me,574,1
Silur,"Drake, My Summer",210,1
Silver Jews,Blue Arrangements,8,1
Silver Jews,Horseleg Swastikas,91,2
Silver Jews,I Remember Me,87,1
Silver Jews,Pet Politics,831,1
Silver Jews,Random Rules,120,17
Silver Jews,The Frontier Index,59,1
Silver Moth,Henry,721,2
Silver Moth,Mother Tongue,712,1
Silver Scooter,Cancer & Wide-Eyed Looks,4,1
Silver Scooter,Goodbye,44,2
Silver Scooter,Sand Dollar Relief,17,1
Simian,Drop & Roll,38,4
Simian,The Wisp,71,5
Simon Goff,Vale,673,1
Simone Felice,The World's Fair (feat. Four Tet),678,1
Simone White,Victoria Anne,392,1
SimpleSongs,A Sentence for Life,478,2
SimpleSongs,Weekend Warrior,570,2
Sin Fang Bous,Sunken Ship,371,1
Sin Ropas,Yellow So Loud,259,1
Sinner DC,Piano J,63,2
Sister Vanilla,Pastel Blue,312,2
Sisyphus,Take Me,564,2
Siv Jakobsen,Small,716,1
Six by Seven,100&Something Foxhall Road,11,1
Six by Seven,88-92-96,8,1
Six by Seven,I Believe in Father Christmas,49,1
Six by Seven,Sleep,27,3
Six by Seven,Ten Places to Die,1,1
Six Organs of Admittance,Bless Your Blood,279,1
Six Organs of Admittance,Home,226,1
Six Organs of Admittance,Strangled Road,365,3
SJ Hoffmann & Clairval,I Need More Space,636,1
SJ Hoffmann & Clairval,Soap Operas from Venezuela,633,3
Sketch Show,Chronograph,194,2
Sketchie,Feud at Saint East's,192,2
Sketchie,I Am Absolute,197,2
Sketchie,The Sepia Tree,167,3
Skullcrusher,Cloudy Shoes,650,1
Skullcrusher,Living,801,2
Skullcrusher,March,798,1
Skullcrusher,March (Live),815,1
Skullcrusher,Places/Plans,621,1
Skullcrusher,Storm In Summer,641,1
Skullcrusher,They Quiet The Room,693,4
Skullcrusher,Window Somewhere,699,1
Skullcrusher,Windshield,645,2
Skullcrusher & Gia Margaret,Harvest Breed,730,1
Skyphone,All Is Wood,348,6
Skyphone,Arbonought,732,1
Skyphone,Cloudpanic,347,2
Skyphone,Thesspiral Itself,735,1
Slab,Fade Into You,178,1
Slaraffenland,Meet and Greet,404,1
Slaraffenland,Open Your Eyes,400,2
Slaraffenland,Sleep Tight,349,1
Slaraffenland,Watch Out,308,2
Sleater-Kinney,Leave You Behind,16,1
Sleater-Kinney,Maraca,17,2
Sleep Party People,The Dwarf and the Horse,477,2
Sleeper's Bell,Bored,776,1
Sleeper's Bell,Corner,752,1
Sleeper's Bell,Phone Call,780,1
Sleepingdog,For a Ride,277,4
Sleepingdog,He loved to See the World Through His Camera,465,1
Sleepingdog,Horse Lullaby,462,3
Sleepingdog,Interview,279,3
Sleepingdog,Sessie,279,2
Sleepingdog,The Sun Sinks in the Sea,340,3
Sleepingdog,When It Lies,465,1
Sleepy Sun,Desert God,431,1
Sleepy Sun,Lord,388,5
Sleepy Sun,Sandstorm Woman,430,2
Sleepy Sun,Still Breathing,498,1
Slicker,Knock Me Down Girl,313,1
Slint,Glenn,12,10
Slint,Glenn (Albini Rough Mix),825,1
Slint,"Good Morning, Captain",6,8
Slint,Washer,25,5
Sloping,Fitting Room,636,1
Slow Attack Ensemble,Landshape of Perpetual Oblivion,809,1
Slow Crush,Lull,665,2
Slow Hollows,Old Yeller,740,2
Slowdive,All of Us,82,1
Slowdive,Andalucia Plays,729,2
Slowdive,Blue Skied an' Clear,14,21
Slowdive,Catch the Breeze,139,6
Slowdive,Celia's Dream,657,1
Slowdive,Dagger,724,1
Slowdive,Kisses,737,1
Slowdive,Prayer Remembered,746,2
Slowdive,Rutti,779,1
Slowdive,Spanish Air,401,5
Slowdive,Sugar for the Pill,616,5
Slowly Rolling Camera,River View,729,1
Slowspin,Remains for Me,725,1
Sluice,Mill,720,2
Slut,Two Hours,3,4
Small Sur,Rays of Light,702,2
Smart Went Crazy,D.C. Will Do That to You,34,1
Smile Down Upon Us,Ken Ken Pah,360,2
Smog,Beautiful Child,766,1
Smog,Blood Red Bird,86,6
Smog,Bloodflow,8,2
Smog,Chosen One,125,9
Smog,Coacheecayou,47,1
Smog,Cold Blooded Old Times,60,8
Smog,Dress Sexy at My Funeral,8,2
Smog,Drinking at the Dam,232,7
Smog,Ex-con,74,2
Smog,Feather by Feather,146,3
Smog,I Break Horses,131,4
Smog,I Was a Stranger,47,6
Smog,Justice Aversion,15,2
Smog,Natural Decline,76,2
Smog,Our Anniversary,142,3
Smog,River Guard,744,1
Smog,Rock Bottom Riser,227,5
Smog,Strayed,22,4
Smog,You Moved In,71,1
Smudge,Outdoor Type,116,2
Småland,Det är aldrig för sent att ge upp (Mogwai Remix),824,1
Sneaker Pimps,Flowers and Silence,12,1
Sneaker Pimps,Splinter,28,1
Snow Palms,Snow Light,522,3
Snow Patrol,An Olive Grove Facing the Sea,60,13
Snow Patrol,Batten Down the Hatch,92,1
Snow Patrol,In Command of Cars,41,1
Snow Patrol,Making Enemies,43,1
Snowbird,Porcelain,548,3
Snowpony,A Way to Survive,8,1
Snowpony,Pylons,17,1
Snowy Band,Shortchanged,809,1
Snowy Band,The Last Thing,665,1
Soak,B a Nobody,582,7
Soak,Blud,593,2
Soak,I'm Alive,618,1
Soak,Interview,612,1
Soak,Neptune,691,1
Soak,Sea Creatures,593,1
Soak,Shovels,593,1
Soak,Wait,593,3
Soap&Skin,Brother of Sleep,379,2
Soap&Skin,Extinguish Me,497,1
Soap&Skin,Mystery Of Love,762,1
Soap&Skin,Pray,525,3
Soap&Skin,Sleep,389,1
Soap&Skin,Thanatos,407,1
Soap&Skin,The Sun,366,6
Soap&Skin,Wonder,486,3
Soap&Skin,Xray Heartland,371,1
Sodastream,Colouring Iris,92,1
Sodastream,Heaven on the Ground,79,2
Sodastream,Out,164,1
Sofa,String of Lights,201,1
Sohn,Paralysed,565,2
Sohnarr,And So They've Danced Their Way Out,725,1
Sohnarr,Melomania,679,1
Sohnarr,Playing Hard To Get,668,2
Sohnarr,Tiptoe,618,5
Sol Seppy,Human,280,1
Solarscape,Landslide,91,1
Solbakken,Hourhand,18,1
Solex,Athens Ohio,15,2
Solex,Santa Monica (Kissing a Man with a Beard),49,1
Solex,"Shoot, Shoot!",74,1
Solex,Solex in a Slipshod Style,27,6
Solo Andata,Her Face Soft As Sleep,286,1
Solo Andata,Together Apart,285,1
Solvent,Hello Pop,2,1
Soma Sonic,Crazy Moon,41,1
some fear,The Faucet Does All the Crying,775,1
Some Tweetlove,Creme Pudding,266,2
Someone Still Loves You Boris Yeltsin,Travel Song,292,4
somni,Sunny,823,1
Son Lux,Alternate World,546,2
Son Lux,Don't Say It's Too Late (feat. Rob Moose),775,1
Son Lux,Easy,544,11
Son Lux,Interview,546,1
Son Lux,Lanterns Lit,546,1
Son Lux,Lanterns Lit (Among The Living),735,1
Son Lux,Lost It To Trying,541,3
Son Lux,No fate awaits me (feat. Faux Fix),585,2
Son Lux,This Is a Life (feat. Mitski & David Byrne),680,1
Son Lux feat. Lorde,Easy (Switch Screens),562,2
Son Of The Velvet Rat,Kindness of the Moon (feat. Jolie Holland),753,2
Songs,Clouds,412,2
Songs of Green Pheasant,Boats,320,4
Songs: Ohia,An Ace Unable to Change,17,6
Songs: Ohia,Being in Love,60,5
Songs: Ohia,Blue Chicago Moon,96,2
Songs: Ohia,Blue Factory Flame,96,11
Songs: Ohia,Captain Badass,751,1
Songs: Ohia,Coxcomb Red,5,7
Songs: Ohia,Defenders,226,1
Songs: Ohia,Farewell Transmission,758,1
Songs: Ohia,Hold On Magnolia,139,5
Songs: Ohia,Hot Black Silk,92,1
Songs: Ohia,Interview,147,1
Songs: Ohia,Lioness,4,3
Songs: Ohia,Nervous Bride,189,1
Songs: Ohia,No Limits on the Words,47,1
Songs: Ohia,North Star Blues II,147,2
Songs: Ohia,North Star Blues III,147,2
Songs: Ohia,North Star Blues V,147,1
Songs: Ohia,North Star Blues VI,147,2
Songs: Ohia,Peoria Lunch Box Blues,141,1
Songs: Ohia,Reply & claim,76,2
Songs: Ohia,Soul,569,1
Songs: Ohia,The Black Crow,146,2
Songs: Ohia,The Body Burned Away,44,5
Songs: Ohia,This Time Anything Finite at All,26,1
Songs: Ohia,Tigress,4,19
Songs: Ohia,United or lost alone,133,1
Songs: Ohia,Untitled,84,3
Songs: Ohia,Untitled II,252,1
Sonic Youth,Au café,457,1
Sonic Youth,Disappearer,28,2
Sonic Youth,Disconnection Notice,112,15
Sonic Youth,Karen Revisited,248,1
Sonic Youth,Little Trouble Girl,52,5
Sonic Youth,Massage the History,395,7
Sonic Youth,Peace Attack,193,5
Sonic Youth,Rain On Tin,111,1
Sonic Youth,Starpower,403,1
Sonic Youth,Stones,191,4
Sonic Youth,Superstar,13,1
Sonic Youth,Sweet Shine,40,2
Sonic Youth,The Diamond Sea,59,5
Sonic Youth,The Empty Page,111,1
Sonic Youth,The Sprawl,318,1
Sonic Youth,Turquoise Boy,278,2
Sonic Youth,Unmade Bed,340,8
Sonna,And the World Smiles With You,139,1
Sonna,Frone Taj,140,1
Sonna/Sybarite,Make Shift,131,2
Sophia,Another Friend,150,2
Sophia,Bad Man,60,1
Sophia,Bastards,144,1
Sophia,Birds,284,5
Sophia,Every Day,2,3
Sophia,Fool,173,9
Sophia,I Left You,172,11
Sophia,I'd Rather,293,1
Sophia,If Only,268,1
Sophia,It's Easy To Be Lonely,561,3
Sophia,Leaving,390,3
Sophia,Ship in the Sand,61,5
Sophia,So Slow,60,13
Sophia,The River Song,110,3
Sophia,Wait,621,3
Sophia,When You're Sad,96,8
Sophia,Within Without,32,2
Sophia Hansen-Knarhoi,Afraid,806,1
Sophie Jamieson,Crystal,706,3
Sophie Jamieson,How Do You Want to Be Loved?,772,1
Sore Eros,Yellow Dress,447,2
Soulo,Rubberbands,73,2
Soulsavers,Love,162,2
Soulsavers,Spiritual (feat. Mark Lanegan),303,9
Soulsavers,You Will Miss Me When I Burn,402,4
Sour Widows,Bathroom Stall,645,1
Sour Widows,Crossing Over,641,2
South,Save Your Sorrow,43,2
South,Walk,36,1
South San Gabriel,I Am Six Pounds of Dynamite,228,7
South San Gabriel,I Feel Too Young to Die,238,1
South San Gabriel,Like a Madman,149,2
South San Gabriel,My Goodbyes,349,1
South San Gabriel,Proud Son of Gaffney,42,1
South San Gabriel,Saint Augustine,146,7
South San Gabriel,Smelling Medicinal,145,1
South San Gabriel,Stupid Is as Stupid Does,222,17
South San Gabriel,When the Angels Will Put Out Their Lights,346,3
Soy Un Caballo,Robin,311,5
Soy Un Caballo,Sous Les Paupieres,313,2
Soy Un Caballo,Sous Les Paupieres/Volet,319,3
Soy Un Caballo,Volet,317,2
Spain,Bad Woman Blues,47,1
Spain,Born to Love Her,67,7
Spain,Do You See the Light,225,1
Spain,Dreaming of Love,56,1
Spain,Every Time I Try,44,7
Spain,I Lied,89,2
Spain,I'm Still Free,518,1
Spain,Interview,68,2
Spain,It Could Be Heaven,563,2
Spain,It's So True,279,5
Spain,Love at First Sight,556,2
Spain,Love Is Unconditional,737,1
Spain,Love Will Come to Town,634,3
Spain,Mary,259,5
Spain,Ray of Light,174,4
Spain,Sessie,68,1
Spain,Untitled #1,14,14
Spain,Walked on the Water,498,5
Spain,World of Blue,695,2
Sparkalepsy,I'm a Shit,115,1
Sparkalepsy,More Drugs,116,1
Sparklehorse,Apple Bed,71,9
Sparklehorse,Everybody's Gone to Sleep,730,1
Sparklehorse,Eyepennies,73,1
Sparklehorse,Gold Day,71,15
Sparklehorse,Homecoming Queen,191,1
Sparklehorse,Hundreds of Sparrows,167,2
Sparklehorse,Morning Hollow,284,2
Sparklehorse,Saturday,566,1
Sparklehorse,Sea of Teeth,828,1
Sparklehorse,Spirit Ditch,63,17
Sparklehorse,Sunshine,120,2
Sparklehorse,Waiting for Nothing,2,4
Sparklehorse,Wish You Were Here (feat. Thom Yorke),52,2
Sparklehorse + Fennesz,Goodnight Sweetheart,398,9
Sparklehorse with the Flaming Lips,Go,200,4
Speaker Bite Me,Makers of Not Knowing,38,1
Speakers Corner Quartet,Geronio Blues (feat. Kae Tempest),723,1
Spearmint,Howling Christmas,49,1
Spearmint,New Year Song,50,2
Spectre,Psychotic Episodes,1,1
Spencer Cullum,Imminent Shadow,655,1
Spencer Cullum,Jack of Fools,630,2
Spencer Cullum,Jackie Paints,816,1
Spencer Cullum's Coin Collection,Betwixt And Between (feat. Erin Rae),714,2
Spencer Cullum's Coin Collection,In a Mist,679,1
Spencer Zahn,Miss You,690,1
Spencer Zahn,The Mist,618,2
Spinvis,Herfst en Nieuwegein,103,1
Spinvis,Voor ik vergeet,100,2
Spirit Fest,In Our House,730,1
Spiritualized,Broken Heart,22,1
Spokane,Addition,164,1
Spokane,American Television,79,1
Spokane,Barge,40,1
Spokane,Dark Eyes,41,1
Spokane,Protocol,177,1
Spokane,Temporary Things,167,2
Spokane,The Caution I've Avoided,72,1
Spokes,Everyone I Ever Met,450,2
Spokes,Forever The Bridge,447,2
Spoon,Everything Hits at Once,57,2
Sportsguitar,Hero,21,1
Springtime,She Moved Through The Fair,667,2
Springtime,The Radicalisation of D,679,1
Springtime,The Viaduct Love Suicide,663,3
Squarepusher,I Wish You Could Talk,73,1
Squarepusher,Iambic 9 Poetry,181,9
Squarepusher,My Red Hot Car (Girl),67,1
Squarepusher,My Sound,402,1
Squares On Both Sides,To Our Sounds,254,1
Squid,Blood On the Boulders,780,1
Squirrel Flower,Desert Wildflowers (Live),792,1
Squirrel Flower,Flames and Flat Tires,652,2
Squirrel Flower,I'll Go Running,648,2
Squirrel Flower,Live Wire,674,2
Squirrel Flower,Unravel,671,1
Squirrel Flower,When a Plant Is Dying,735,2
Squirrel Flower & Babehoven,Am I in a Dream,831,1
Squirrel Flower & Babehoven,My Life in Art,805,2
Sqürl,Berlin '87,717,1
Sqürl,John Ashbery Takes a Walk (feat. Charlotte Gainsbourg),720,1
Sqürl,The End of the World,722,2
Sr. Chinarro,Merche,63,1
St. Germain,Montego Bay Spleen,19,1
St. Thomas,45 Seconds,152,2
St. Thomas,Failure #1,114,1
St. Vincent,Black Rainbow,390,1
St. Vincent,Champagne Year,471,6
St. Vincent,Cheerleader,477,1
St. Vincent,Interview,390,1
St. Vincent,Just the Same But Brand New,391,3
St. Vincent,Landmines,322,3
St. Vincent,The Strangers,390,1
St. Vincent,Year of the Tiger,477,1
Stache,Sessie,87,1
Stacks,Above Ground,687,3
Stadt,Tidal Slide,700,1
Stafrænn Hákon,Hausi,314,1
Stafrænn Hákon,Kofi,177,1
Stafrænn Hákon,Kvos,226,1
Stafrænn Hákon,P-Rofi,316,1
Stafrænn Hákon,Unnar,218,4
Star Club West,54,387,1
Star Club West,Cut the Crap,578,2
Star Club West,How Nice You Drop By,38,1
Star Club West,I Am Human,382,2
Star Club West,Interview,387,1
Star Club West,It Irons in the Wash,288,1
Star Club West,What About That Lofi Ghost Track,387,1
Starfield Season,Awakening Streets,140,2
Starfield Season,November,172,1
Starry Smooth Hound,Dreamt You in a Dream,29,1
Stars,Celebration Guns,252,1
Stars,The Big Fight,317,5
Stars,You're Ex-Lover Is Dead,316,1
Stars of the Lid,A Meaningful Moment Through A Meaning(Less) Process,331,7
Stars of the Lid,Requiem for Dying Mothers Pt. 1,92,1
Stars of the Lid,"Requiem for dying mothers, Pt. 2",670,1
State River Widening,Desertesque,109,1
State River Widening,Knifegrinder's Song,206,2
Stateless,I'm On Fire,455,3
Static,Turn On Switch Off (starring Valerie Trebeljahr),127,3
Statistics,"A Number, Not a Name",175,1
Statue,I Got Your Raumschiff,602,2
Stealing Sheep,Shoot the Ducks to Win,463,2
Stealing Sheep,Shut Eye,501,1
steamer cry wolf,Alosta Souls,104,1
Steffaloo,Can't You See,511,2
Stella Donnelly,If I Could Cry (It Would Feel Like This),646,2
Stephen Becker,Bad Idea,819,1
Stephen Becker,Unspoken,696,2
Stephen Malkmus,Church on White,55,7
Stephen Malkmus,Freeze the Saints,232,1
Stephen Malkmus,Jenny and the Ess-Dog,52,2
Stephen Malkmus,No More Shoes,231,2
Stephen Malkmus,Trojan Curfew,56,1
Stephen Malkmus,Vague Space,54,1
Stephen Malkmus and the Jicks,Asking Price,469,3
Stephen Malkmus and the Jicks,J Smoov,554,3
Stephen Malkmus and the Jicks,Old Jerry,146,3
Stephen Malkmus and the Jicks,Ramp of Death,144,2
Stephen Malkmus and the Jicks,We Can't Help You,350,5
Stephen Steinbrink,Opalescent Ribbon,726,2
"Stephen Vitiello, Brendan Canty, Hahn Rowe",Last Minute Guitar,788,1
Stereolab,Canned Candies,303,1
Stereolab,Captain Easychord,75,1
Stereolab,Cybelle's Reverie,51,1
Stereolab,Intervals,23,1
Stereolab,Old Lungs,95,1
Stereolab,Puncture in the Radar Permutation,9,1
Stereolab,The Black Arts,317,1
Stereolab,The Man with 100 Cells,178,3
Stereolab,Three-Dee Melodie,129,2
Stereolab,Wow and Flutter,173,1
Sterling Roswell,Girl from Orbit,125,2
Steve Adey,Find the Way,279,2
Steve fanagan,There Is Hope,116,1
Steve Gunn,Nearly There,797,2
Steve Gunn,Nearly There (Sonic Boom Remix),820,1
Steve Gunn,Reflection,657,7
Steve Gunn & David Moore,Painterly,716,1
Steve Von Till,Remember,51,1
Steve Von Till,The Corpse Road,791,1
Steve Von Till,The Emptiness Swallows Us All,647,1
Steve Von Till,The Spiraling Away,651,1
Steve Von Till,To the Field,125,17
Steve Von Till,Watch Them Fade,783,3
Steve Von Till,Wild Iron,619,1
Still Corners,Cuckoo,475,1
Still Corners,Endless Summer,435,10
Still Corners,I'm On Fire,475,1
Stina Nordenstam,Bird On a Wire,65,1
Stina Nordenstam,Parliament Square,209,9
Stina Nordenstam,People Are Strange,551,1
"Stock, Hausen & Walkman",Reflections in a Plastic Glass,56,1
Storefront Church,After the Alphabets,204,2
Storefront Church,Words (feat. Phoebe Bridgers),706,1
Stornoway,Fuel Up,430,3
Stornoway,Zorbing,412,3
Storybox,The Thought We Had,290,1
Strand Of Oaks,Horses At Night,661,3
Strand Of Oaks,Interview,582,2
Strand Of Oaks,JM,574,11
Strand Of Oaks,Keys,643,4
Strand Of Oaks,More You,754,2
Strand Of Oaks,Shut In,582,1
Strand Of Oaks,Somewhere In Chicago,712,1
Strand Of Oaks,Sunbathers,712,1
Strawberry Guy,I'll Be There,666,2
Strawberry hands,Song of Descent,830,1
Stuart A. Staples,"Hey, Don't You Cry",296,1
Stubborn Heart,Head On,511,1
Stumbleine,Fade Into You (feat. Steffaloo),516,1
Stuntbike,Believe,25,1
Styrofoam,#4,56,1
Styrofoam,A Heart Without a Mind,262,2
Styrofoam,Accidentally Left-wing,706,2
Styrofoam,Between the Bars,181,6
Styrofoam,Couches in Alleys,202,2
Styrofoam,Fade Out Your Eyes,115,4
Styrofoam,Five-Cornered Drone (Crispy Duck),626,1
Styrofoam,Front to Back,201,1
Styrofoam,Future Debt Collector,25,1
Styrofoam,Hard to Find,163,2
Styrofoam,I Come And Stand At Every Door,127,1
Styrofoam,If You Tell Me the Truth I Will Kill You,93,3
Styrofoam,Interview,144,1
Styrofoam,Make It Mine,200,3
Styrofoam,"Oh, But You Are, Really",326,1
Styrofoam,Political Song for Hannah Arendt to Sing,624,1
Styrofoam,Snow Crush Killing Song,143,5
Styrofoam,The Long Wait,141,3
Styrofoam,This Is All Wrong,128,5
Styrofoam,unknown song,29,1
Styrofoam,Unravel,144,1
Styrofoam,Your Eyes Only,240,1
Styrofoam & The Go Find,If It's a Symbol,716,1
Styrofoam & The Go Find,Nothing Is Impossible,715,1
Subtle,F.K.O.,198,2
Subtle,FKO,202,1
Subtle,Middle Class Haunt,328,1
Subtle,Middleclass Haunt,325,1
Subtle,Swanmeat,279,1
Subtle,Wanted Found,353,1
Suckle,To Be King,21,3
Sue Garner and Rick Brown,Swimmingly,7,1
Sufjan Stevens,A Good Man Is Hard to Find,200,1
Sufjan Stevens,A Running Start,734,1
Sufjan Stevens,All Delighted People (Original Version),439,1
Sufjan Stevens,Carrie & Lowell,602,1
Sufjan Stevens,Casimir Pulaski Day,240,2
Sufjan Stevens,Chicago,279,9
Sufjan Stevens,Christmas Unicorn,508,1
Sufjan Stevens,Come on! Let's Boogey to the Elf Dance!,294,2
Sufjan Stevens,Death With Dignity (Demo),789,1
Sufjan Stevens,Flint (For the Unemployed and the Underpaid),511,1
Sufjan Stevens,"For the Widows in Paradise, for the Fatherless in Ypsilanti",203,1
Sufjan Stevens,Fourth Of July,706,1
Sufjan Stevens,Fourth of July - Version 4,793,1
Sufjan Stevens,He Woke Me Up Again,201,1
Sufjan Stevens,I Walked,435,1
Sufjan Stevens,In the Devil's Territory,190,1
Sufjan Stevens,Interview,201,1
Sufjan Stevens,"John Wayne Gacy, Jr.",244,4
Sufjan Stevens,Justice Delivers Its Death,515,2
Sufjan Stevens,Mystery Of Love,639,1
Sufjan Stevens,Mystery of Love (Demo),788,1
Sufjan Stevens,No Shade in the Shadow of the Cross,598,2
Sufjan Stevens,Opie's Funeral Song,260,3
Sufjan Stevens,Pittsfield,280,1
Sufjan Stevens,Shit Talk,734,1
Sufjan Stevens,Should Have Known Better,601,5
Sufjan Stevens,Sister,184,1
Sufjan Stevens,Size Too Small,181,13
Sufjan Stevens,So You Are Tired,729,1
Sufjan Stevens,"Springfield, Or Bobby Got a Shadfly Caught in His Hair",285,1
Sufjan Stevens,Star of Wonder,293,1
Sufjan Stevens,Sugar,620,1
Sufjan Stevens,Take Me,545,1
Sufjan Stevens,Tell Me That You Love Me,622,2
Sufjan Stevens,That Was the Worst Christmas Ever,292,1
Sufjan Stevens,The Dress Looks Nice On You,201,4
Sufjan Stevens,The Friendly Beasts,272,1
Sufjan Stevens,The Owl And The Tanager,438,2
Sufjan Stevens,The Upper Peninsula,163,4
Sufjan Stevens,They Are Night Zombies!! They Are Neighbors!! They Have Come Back from the Dead!! Ahhhh!,239,11
Sufjan Stevens,Vesuvius,441,2
Sufjan Stevens,Vito's Ordination Song,168,1
Sufjan Stevens,We Won't Need Legs to Stand,202,1
Sufjan Stevens,Will Anybody Ever Love Me?,731,4
Sufjan Stevens & Angelo De Augustine,Murder and Crime,660,1
Sufjan Stevens & Angelo De Augustine,Olympus,657,2
Sufjan Stevens & Osso,Year of the Dragon,407,1
Suimasen,Thoughts of Concrete,95,2
Sukilove,Too Dark to Dream,100,1
Sulky,Incident on Houston Street,31,1
Sumie,Never Wanted To Be,547,3
Summer At Shatter Creek,Your Ever Changing Mood,223,1
Summer Salt,Hocus Pocus,654,2
Sun,Dawnday,760,1
Sun Drawing + SEA LEVEL,Mornings at the Library,771,1
Sun Drums,Each Little Piece,490,2
Sun June,John Prine,730,1
Sun June,Tom Petty,677,1
Sun Kil Moon,Ben's My Friend,556,5
Sun Kil Moon,Birds of Films,613,2
Sun Kil Moon,Birthday Girl,750,1
Sun Kil Moon,Black Perch,712,1
Sun Kil Moon,Carry Me Ohio,176,2
Sun Kil Moon,Church of the Pines,435,2
Sun Kil Moon,Gentle Moon,168,13
Sun Kil Moon,Green,779,2
Sun Kil Moon,I Can't Live Without My Mother's Love,566,4
Sun Kil Moon,Micheline,565,1
Sun Kil Moon,Moorestown,357,1
Sun Kil Moon,Nervous to Fly,718,1
Sun Kil Moon,Next Stop Vienna and Rome,805,1
Sun Kil Moon,Oh My Mother,822,1
Sun Kil Moon,Pancho Villa,173,1
Sun Kil Moon,Richard Ramirez Died Today of Natural Causes,568,1
Sun Kil Moon,Space Travel Is Boring,253,7
Sun Kil Moon,The Light,356,1
Sun Kil Moon,Tiny Cities Made of Ashes,248,4
Sun Kil Moon,Watermelon Peperomia,731,1
Sun Kil Moon and Amoeba,Mother and Daughter,801,1
Sunday Afternoon Soundsystem feat. Sue Daniels,Comfort,15,2
Sunday Bell Ringers,June (Like A Child),469,3
Sunglaciers,Starting to Come Back,819,1
Sunn O))) & Boris,The Sinking Belle (Blue Sheep),287,6
Sunn O))) & Ulver,Eternal Return,560,1
Sunny Day Real Estate,Pillars,4,1
Sunny Day Real Estate,Rain Song,35,1
Sunny Day Real Estate,Tearing in My Heart,34,3
Sunny Day Real Estate,Waffle,29,1
Sunset Rubdown,Stallion,328,4
sunshine recorder,Morning Dew,653,1
Super Numeri,The Ember Love,151,1
Superchunk,1000 Pounds,6,2
Superchunk,Throwing Things,17,1
Superchunk,What Do You Look Forward To?,75,1
Superfan,75 Germany,755,1
Susanna,Demon Dance,333,2
Susanna and the Magical Orchestra,Enjoy the Silence,283,1
Susanna and the Magical Orchestra,Hallelujah,281,1
Susanna and the Magical Orchestra,Jolene,229,1
Susanna and the Magical Orchestra,Love Will Tear Us Apart,292,3
Susanna and the Magical Orchestra,Recall,401,2
Susumu Yokota,Suture,379,1
Suuns,Edie's Dream,526,2
Suuns,Fish On a String,762,1
Svaneborg Kardyb,Cycles,766,3
Svinhunder,Old Chap,711,2
Svinhunder,The Nincompoop,701,1
Swans,Jim,437,6
Swans,Lunacy,505,5
Swans,No More of This,728,2
Swearing At Motorists,Calgon Take Me Away,48,1
Swearing At Motorists,Interview,70,1
Swearing At Motorists,Next Exit Ghost Town,10,4
Swearing At Motorists,Sessie,70,1
Swearing At Motorists,Your Beat Kicks Back Like Death,805,1
Sweeder,Sfity,28,4
Sweeder,Thread and Wire,29,1
Sweep the Leg Johnny,Columbus Day,19,1
Sweet Little Mojo,A Thousand Miles,565,3
Sweet Little Mojo,Monday Morning,558,1
Swell,(I Know) The Trip,10,2
Swell,...A Velvet Sun,46,1
Swell,Call Me,64,1
Swell,Come Tomorrow,156,1
Swell,Inside a Bomb,47,1
Swell,Next to Nothing,166,2
Swell,Oh My My,112,1
Swell,What I Always Wanted,20,17
Swervedriver,Bubbling Up,54,1
Swim Camp,First Day Back,651,1
Swim Camp,Melt,659,1
Swim Camp,Stupid Thing,644,1
Sybarite,Secropia,116,1
Sybarite,Without Nothing I'm You,53,1
Syd Matters,I Might Float,444,1
Syd Matters,My Lover's on the Pier,340,3
Sylvain Chauveau,Enjoy the Silence,259,1
Sylvain Chauveau,Le brasier de tristesse,190,3
Sylvain Chauveau,Un autre decembre,136,2
Sylvain Chauveau,Within the Orderly Life,243,2
Sylvain Chauveau & Ensemble Nocturne,Enjoy the Silence,253,1
Sylvie,Sylvie,660,1
Symbol Soup,Polterguys,629,1
Sympathy Pain,Heaven + Hell (feat. Midwife),773,1
Syndrome,Project 5,277,1
Systems Officer,Sand I,404,2
Systems Officer,Sand II,411,1
Tacoma Radar,So Much Water,800,1
Tahiti boy and the palmtree family,That Song,382,1
Takagi Masakatsu,Golden Town With Sunglasses,134,1
Taken By Trees,Only Yesterday,322,1
Taken By Trees,To Lose Someone,399,4
Taken By Trees,Too Young,316,3
tal castle,Sarah Joins Color Guard,827,1
Tall Firs,Edge of the World,497,2
Tall Tree 6ft Man,Humdrum,337,1
Tamaryn,Coral Flower,443,3
Tamino,The First Disciple,687,1
Tancred,Jars,704,2
Tangents,Chimera,658,1
Tangtype,Don't Feed Blue,339,2
Tape Tum,Sea Scent,247,1
Tapir!,Gymnopédie,733,1
Tara Jane O'Neil,A City in the North,2,2
Tara Jane O'Neil,A Partridge Song,282,2
Tara Jane O'Neil,"Beast, Go Along",414,5
Tara Jane O'Neil,Curling,750,2
Tara Jane O'Neil,Glass Island,754,1
Tara Jane O'Neil,Glow Now,554,3
Tara Jane O'Neil,Sweet Bargaining,74,3
Tara Jane O'Neil,The Phoenix,270,4
Tara Jane O'Neil,The Poisoned Mine,208,2
Tara Jane O'Neil,We Bright,758,1
Tara Jane O'Neil,Without Push,204,2
Tara Nome Doyle,Heaven in Disguise,788,2
Tarentel,"Bump Past, Cut Up Through Windows",209,2
Tarentel,Looking for Things,144,1
Tarentel,Searching for Things,114,1
Tarentel,Steede Bonnet,592,3
Tartufi,"Fear of Tall Giraffes, Fear of Some Birds",388,3
Tarwater,All of the Ants Left Paris,19,2
Tarwater,No More Extra Time,18,1
Tarwater,Noon,168,1
Tarwater,Now,121,5
Tarwater,Sell Me a Coat,131,1
Tarwater,The Watersample,641,1
Tarwater,Trapdoor Spider,770,1
Tarwater,Visit,70,2
Tasha,So Much More,762,1
Tasha,Would You Mind Please Pulling Me Close?,649,1
Taxi Taxi!,All I Think Of,406,1
Taxi Taxi!,Heart,311,3
Tazio & Boy,Memory Pages,313,1
Teal Peel,How Many Bugs,668,1
Team LG,The Way We Do It,253,3
Team me,Favorite Ghost,489,1
Team Sleep,Elizabeth,235,1
Ted Barnes,All That's Real,367,2
Teen Creeps,Automatically,798,3
Teen Suicide,Coyote (2015-2021),688,1
Teenage Fanclub & Jad Fair,I Feel Fine,96,3
Teethe,Magic of the Sale,792,1
Teethe,Moon,737,1
Teethe,Push You Forever,796,2
Teho Teardo & Blixa Bargeld,Alone with the Moon,548,2
teledroom,(Untitled),202,1
teledroom,Once This Place Was an Open River,153,1
teledroom,The Bible of Aesthetics (Summarized),155,2
Telefon Tel Aviv,Mostly Translucent,378,4
Telefon Tel Aviv,Sound In a Dark Room,136,3
Telefon Tel Aviv,What It Was Will Never Again,178,6
Telefunken,Track 12,24,1
Templo Diez,Sedan,168,1
Tenci,Joy,632,1
Tess Parks,Sunnyside,767,2
Tex la Homa,Here With You,127,1
Tex la Homa,In the Clouds,166,1
Tex la Homa,When You Close Your Eyes,167,1
TG Mauss,Mechanical Eye,240,2
Thalia Zedek,1926,107,1
Thalia Zedek,Back to School,91,1
Thalia Zedek,Excommunications (Everybody Knows),104,2
Thanksgiving,Responsibility,249,1
Thao with the Get Down Stay Down,Trouble Was For,421,1
Thao with the Get Down Stay Down,"Yes, So On and So On",337,3
The Accidental,Knock Knock,346,1
The Acid,Basic Instinct,577,2
The Acorn,Crooked Legs,366,2
The Album Leaf,Asleep,136,1
The Album Leaf,Blank Pages,421,3
The Album Leaf,Breathe,708,2
The Album Leaf,Descent,505,1
The Album Leaf,Essex,159,1
The Album Leaf,Falling from the Sun,412,3
The Album Leaf,Future Falling,701,2
The Album Leaf,Into the Sea,281,3
The Album Leaf,Malmo,166,5
The Album Leaf,Near (feat. Bat For Lashes),713,1
The Album Leaf,On Your Way,199,10
The Album Leaf,Over the Pond,196,1
The Album Leaf,Prologue,720,2
The Album Leaf,The Audio Pool,53,1
The Album Leaf,The Outer Banks,194,1
The Album Leaf,Threeseven,767,1
The Album Leaf,Thule,197,1
The Album Leaf,Twentytwofourteen,206,10
The Album Leaf,Within Dreams,483,1
The Album Leaf,Writings On the Wall,283,1
The Album Leaf & Bright Eyes,Hungry For a Holiday,111,1
The Aluminum Group,Little Boy,179,1
The American Analog Set,Born on the Cusp,240,1
The American Analog Set,"Come Home Baby Julie, Come Home",157,19
The American Analog Set,First of Four (EP Version),820,2
The American Analog Set,Gone to Earth,83,1
The American Analog Set,Hard to Find,187,1
The American Analog Set,Interview,240,1
The American Analog Set,Kills Me / Make It Take It (Reprise),811,1
The American Analog Set,Konika & Maliko,735,2
The American Analog Set,Long Limbs,736,1
The American Analog Set,Play Hurt,241,1
The American Analog Set,Punk As Fuck,658,1
The American Analog Set,Queen of Her Own Parade,733,1
The American Analog Set,Sharp Briar,240,1
The American Analog Set,The Green Green Grass,243,1
The American Analog Set,The Kindness of Strangers,75,22
The American Analog Set,The Postman (feat. Ben Gibbard),796,1
The American Analog Set,The Postman (Styrofoam's Just Like the Nineties Never Happened mix),129,10
The American Analog Set,We Are Computerizing and We Just Don't Need You Anymore,74,2
The American Analog Set,You Own Me,160,1
The Angels of Light,Inner Female,30,1
The Angels of Light,On the Mountain,226,3
The Angels of Light,Praise Your Name,29,1
The Angels of Light,Promise Of Water,322,3
The Angels of Light,Public Embarrassment Blues,60,2
The Angels of Light,The Family God,140,1
The Anomoanon,Down and Brown,205,2
The Antler King,Moonbeams,547,1
The Antler King,We Are,634,1
The Antlers,Ahimsa,703,2
The Antlers,Carnage,796,1
The Antlers,Hotel,572,4
The Antlers,Hounds,466,7
The Antlers,I Don't Want Love,479,2
The Antlers,I Was Not There,717,1
The Antlers,Interview,479,1
The Antlers,Just One Sec,638,2
The Antlers,Kettering,690,2
The Antlers,Need Nothing,736,2
The Antlers,Palace,566,4
The Antlers,Pour,802,1
The Antlers,Putting the Dog to Sleep,479,2
The Antlers,Rains,722,1
The Antlers,Solstice,633,2
The Antlers,Volunteered,668,2
The Antlers,Wake,400,7
The Antlers,Wake (Live in Chicago),780,1
The Appleseed Cast,A Dream for Us,175,1
The Appleseed Cast,On Reflection,100,10
The Appleseed Cast,Sinking,172,1
The Appleseed Cast,Steps and Numbers,102,1
The Appleseed Cast,The Road West,379,1
The Autumn Defense,Silence,178,1
The B-52's,Dance this Mess Around,6,1
The Battle of Land and Sea,The Beautiful Ones,355,3
The Bear That Wasn't,Interview + Sessie,421,1
The Bear That Wasn't,Sour Apple,414,3
The Bear That Wasn't,The Little Witch And The Brave Boy Are Going To Venus,392,3
The Bees,Lying in the Snow,45,1
The Bees,Sky Holds the Sun,65,4
The Belle Game,Bruises to Ash,541,2
The Berg Sans Nipple,An Eternity in Purgatory,203,1
The Berg Sans Nipple,Flapping,147,7
The Besnard Lakes,46 Satires,526,7
The Besnard Lakes,Battle Lines,806,2
The Besnard Lakes,Because Tonight,294,7
The Besnard Lakes,Calling Ghostly Nations (Ghost Mix),815,1
The Besnard Lakes,Devastation,314,1
The Besnard Lakes,Disaster,299,3
The Besnard Lakes,Feuds With Guns,632,4
The Besnard Lakes,Light Up the Night,428,2
The Besnard Lakes,Pontiac Spirits,802,1
The Besnard Lakes,She's an Icicle,691,1
The Besnard Lakes,The Father of Time Wakes Up,635,2
The Beta Band,Al Sharp,75,11
The Beta Band,Dr. Baker,99,1
The Beta Band,It's Not Too Beautiful,291,6
The Beta Band,Push It Out,166,1
The Beta Band,Squares,73,1
The Beta Band,To You Alone,6,5
The Beta Band,Wonderful,190,1
The Big Net,Bird,632,2
The Big Net,Cowboy,628,1
The Big Net,Never Knew Blue,635,2
The Big Pink,Hit the Ground (Superman),482,2
The Big Pink,Love Song,383,1
The Big Pink,Velvet,389,2
The Bigger Lovers,Casual Friday,80,1
The Birdwatcher,Empty Boat,123,2
The Black Heart Procession,A Cry for Love,775,1
The Black Heart Procession,A Heart Like Mine,31,2
The Black Heart Procession,A Truth Quietly Told,13,1
The Black Heart Procession,Blue Tears,8,1
The Black Heart Procession,Blue Water - Black Heart,814,1
The Black Heart Procession,Guess I'll Forget You,30,17
The Black Heart Procession,I Know Your Ways,32,1
The Black Heart Procession,Interview,273,1
The Black Heart Procession,Liars Ink,399,4
The Black Heart Procession,Return to Burn,276,2
The Black Heart Procession,Sessie,273,1
The Black Heart Procession,Sympathy Crime,163,1
The Black Heart Procession,Tangled,265,10
The Black Heart Procession,The Hideaway,93,1
The Black Heart Procession,The Letter,277,9
The Black Heart Procession,The News,167,1
The Black Heart Procession,The Spell,360,1
The Black Heart Procession,Tropics of Love,125,11
The Black Heart Procession,Waterfront (The Sinking Road),71,1
The Black Heart Procession,We Always Knew,30,3
The Black Heart Procession,Why I Stay,116,5
The Black Heart Procession + Solbakken,Voiture en Rouge,177,16
The Black Heart Rebellion,Circe,519,2
The Bloodthirsty Lovers,Sonic Letter to Sara Jean,137,5
The Bloodthirsty Lovers,Telepathic,140,1
The Boats,"Bob, Ben and Kipper",250,1
The Boats,You're an Idiot,294,4
The Bogie Band & Joe Russo,God In Us (feat. Colin Stetson),681,1
The Bony King of Nowhere,Alas My Love,383,1
The Bony King of Nowhere,Almost Invisible,737,3
The Bony King of Nowhere,Every Road,617,1
The Bony King of Nowhere,Everything I Like,383,2
The Bony King of Nowhere,Favourite,383,1
The Bony King of Nowhere,For the Autumn,477,2
The Bony King of Nowhere,Get One Free,748,3
The Bony King of Nowhere,Going Home,449,2
The Bony King of Nowhere,Going Out,619,4
The Bony King of Nowhere,Interview,383,6
The Bony King of Nowhere,Last Train,593,1
The Bony King of Nowhere,Losing Gravity,381,1
The Bony King of Nowhere,Maria,380,9
The Bony King of Nowhere,Mother,458,1
The Bony King of Nowhere,On My Way Home,510,1
The Bony King of Nowhere,Rain Falls Down on Mirwart,510,1
The Bony King of Nowhere,Sad Rosanne,593,1
The Bony King of Nowhere,Sessie,616,1
The Bony King of Nowhere,Silent Days,624,2
The Bony King of Nowhere,Sleeping Miners,452,9
The Bony King of Nowhere,Still Arround,624,1
The Bony King of Nowhere,Summer Nights,593,1
The Bony King of Nowhere,The Poet,458,1
The Bony King of Nowhere,The Sunset,378,1
The Bony King of Nowhere,Valerie,509,3
The Books,An Animated Description of Mr. Maps,225,11
The Books,Chain of Missing Links,435,3
The Books and José González,Cello Song,378,4
The Breeders,Do You Love Me Now?,46,3
The Breeders,Glorious,26,1
The Breeders,Night of Joy,348,2
The Breeders,Off You,102,16
The Breeders,Sinister Foxx,108,1
The Breeders,The She,102,4
The Breeders,Wicked Little Town,165,2
The Brunettes,Credit Card Mail Order,333,1
The BV's,Taking Pictures of Taking Pictures,750,1
The Calm Blue Sea,Mary Ann Nichols,510,1
The Cave Singers,Distant Sures,462,1
The Cave Singers,Elephant Clouds,341,3
The Cave Singers,New Monuments,339,1
The Channel,Black,196,1
The Chills,Pink Frost,127,1
The Christian Club,Atlas (feat. Bobbi Lu),756,2
The Christian Club,Hell,728,1
The Cinematic Orchestra,Entr'acte,503,1
The Cinematic Orchestra,The Awakening of a Woman,191,1
The Clean,Are You Really on Drugs?,403,2
The Clientele,North School Drive,89,3
The Clientele,Saturday,92,1
The Clientele,Through the Roses,729,1
The Colorist Orchestra,Lili,760,1
the colorist orchestra & howe gelb,Sometimes I Wish (feat. Pieta Brown),662,2
The Court & Spark,"Doctor, the Veranda",35,1
The Cure,I Can Never Say Goodbye (Craven Faults Rework),795,1
The Cure,Warsong,767,2
The Curtains,Go Lucky,288,1
The Czars,Drug,89,17
The Darcys,Home At Last,485,1
The Dawdler,Break,726,1
The Dawdler,Get Zen,688,2
The Dead Texan,Glen's Goo,207,1
The Dead Texan,The Struggle,203,2
The Dead Texan,When I See Scissors I Can't Help But Think of You,408,1
The Deathray Davies,The Bitter Old Man Blues,44,2
The December Drive,No Remembering,174,1
The Decemberists,Cocoon,151,5
The Decemberists,Sleepless,380,1
The Decemberists,The Crane Wife 1 & 2,299,3
The Decemberists,The Crane Wife 3,300,5
The Decemberists,The Hazards of Love 1 (The Prettiest Whistles Won't Wrestle the Thistles Undone),388,3
The Decemberists,Till the Water's All Long Gone,594,2
The Declining Winter,Last April,769,1
The Delgados,All Rise,118,7
The Delgados,Aye Today,28,1
The Delgados,Come Undone,201,2
The Delgados,Knowing When to Run,29,1
The Delgados,Make Your Move,36,1
The Delgados,The Past That Suits You Best,27,3
The Dismemberment Plan,Come Home,81,1
The Dismemberment Plan,Crush,79,6
The Dismemberment Plan,Spider in the Snow,24,1
The Dismemberment Plan,The Jitters,21,1
The Dodos,Annie,657,1
The Dodos,Companions,457,2
The Dodos,Darkness,597,3
The Dodos,Fools,346,12
The Dodos,Interview,357,1
The Dodos,Sessie,357,1
The Dodos,The Season,432,1
The Dodos,Transformer,546,1
The Dodos,Troll Nacht,398,5
The Dodos,Walking,350,5
The Drift,Hearts Are Flowers,254,3
The Drift,If Wishes Were Like Horses,359,1
The Drift,Luminous Friend,476,5
The Dutchess and the Duke,Hands,403,1
The Dylan Group,An Indolent Appreciation of What You Left Behind,10,2
The Dylan Group,Avila,149,1
The Dylan Group,Let It Sit,13,1
The Dylan Group,The Wine,26,1
The Earlies,Wayward Song,249,4
The Elected,C'mon Mom,188,1
The Electones,Summercloud,115,3
The Enablers,End Note,209,1
The Evens,I Do Myself,516,2
The Evens,On the Face of It,218,6
The Faint,Ballad of a Paralysed Citizen,124,2
The Field,Everybody's Got to Learn Sometime,396,6
The Flaming Lips,All We Have Is Now,367,1
The Flaming Lips,Can't Get You Out of My Head,126,3
The Flaming Lips,Five Stop Mother Superior Rain,47,1
The Flaming Lips,Flowers of Neptune 6,619,1
The Flaming Lips,Helping the Retarded To Know God,506,2
The Flaming Lips,I Can Be a Frog,406,2
The Flaming Lips,Mr. Ambulance Driver,267,2
The Flaming Lips,My Cosmic Autumn Rebellion,269,2
The Flaming Lips,Powerless,403,2
The Flaming Lips,Waitin' for a Superman,5,22
The Flaming Lips,White Christmas,49,1
The Flaming Lips,Yoshimi Battles the Pink Robots Pt. 1,115,9
The Flaming Lips,Yoshimi Battles the Pink Robots Pt. 2,500,1
The Flaming Lips,You Lust,530,3
The Folk Implosion,Brand of Skin,138,1
The Folk Implosion,Burning Paper,730,1
The Folk Implosion,Checking In,47,1
The Folk Implosion,Don't Give It Away,685,1
The Folk Implosion,E.Z. L.A.,190,1
The Folk Implosion,Easy,138,1
The Folk Implosion,Free To Go,5,2
The Folk Implosion,Insinuation,457,2
The Folk Implosion,Leaving It Up to Me,143,1
The Folk Implosion,Love Is Stronger,149,1
The Folk Implosion,Mechanical Man,24,2
The Folk Implosion,Moonlit Kind,755,1
The Folk Implosion,My Ritual,50,1
The Folk Implosion,No Need to Worry,149,1
The Folk Implosion,One Part Lullaby,26,7
The Folk Implosion,Pearl,128,9
The For Carnation,A Tribute to,15,6
The For Carnation,Emp. Man's Blues,668,1
The For Carnation,Grace Beneath The Pines,322,1
The For Carnation,Moonbeams,164,3
The For Carnation,Snoother,49,5
The For Carnation,Tales (live from the Crypt),7,1
The Frames,A Caution to the Birds,209,1
The Frames,Keepsake,217,1
The Frames,Lay Me Down,195,2
The Frames,What Happens When the Heart Just Stops,115,23
The Freight Elevator Quartet,So Fragile,31,3
The Gentle Waves,Falling From Grace,40,5
The Gentle Waves,Let the Good Times Begin,62,1
The Gentle Waves,Partner in Crime,41,1
The Gentle Waves,"There Was Magic, Then...",57,2
The Germans,As It Ends,747,1
The Get Up Kids,Long Goodnight,8,2
The Get Up Kids,Valentine,7,1
The Go Find,(We've Lost) Gravity (Live @ Hnita Jazz Club),812,1
The Go Find,25 Years,310,1
The Go Find,Adrenaline,301,9
The Go Find,Everybody Knows It's Gonna Happen Only Not Tonight,412,4
The Go Find,Heart of Gold,418,4
The Go Find,Interview,310,1
The Go Find,New Year,310,2
The Go Find,One Hundred Percent,416,1
The Go Find,Summer Boys,558,4
The Go Find,Summer Guest,197,1
The Go Find,What I Want,219,1
The Go-Betweens,Going Blind,64,1
The Go-Betweens,He Lives My Life,37,1
The Go-Betweens,The Locust Girls,34,2
The Goalie's Anxiety At The Penalty Kick,Hole Underneath the Surface of the Swimming Pool,756,1
The Goalie's Anxiety At The Penalty Kick,The Cat Stands On My Arm,626,2
The God Machine,Boy By the Roadside,41,1
The God Machine,In Bad Dreams,25,5
The God Machine,The Hunter,94,16
The Golden Glows,Love's Young Dream,334,2
The Golden Virgins,I've Seen the Light,118,1
The Good Life,A Golden Exit,53,8
The Good Life,Album of the Year,198,5
The Good Life,An Acquaintance Strikes a Chord,53,2
The Good Life,Tell Shipwreck I'm Sorry,56,2
The Good Ship,The Eggleston Guide,138,3
The GrandPiano,Cat's Whiskers,43,1
The GrandPiano,Curtains,44,1
The GrandPiano,Story's in the Air,33,2
The Gutter Twins,Front Street,345,8
The Halo Benders,Lonesome Sundown,26,1
The Halo Benders,Love Travels Faster,16,10
The Hard Quartet,Six Deaf Rats,765,3
THE HAUNTED YOUTH,Gone (Øneheart remix),784,2
The Haxan Cloak,The Drop,531,1
The Helio Sequence,Blood Bleeds,198,4
The Helio Sequence,Lately,342,2
The Helio Sequence,So Stop,202,1
tHE hOLY cHILDHOOD,Ambivalent Blues,33,1
tHE hOLY cHILDHOOD,I Better Be Careful or I'll Be Understood by Everybody,24,3
tHE hOLY cHILDHOOD,I'm Going to the Airport,25,2
The Holy Mountain Orchestra,Song for JW,799,1
The Ian Fays,"All the Phones Are Broken in This House, Sir",298,2
The Impossible Shapes,Florida Silver Springs,276,1
The Innocence Mission,Green Bus,621,1
The Innocence Mission,This Thread Is a Green Street,763,2
The Innocence Mission,Tomorrow on the Runway,202,1
The Irrepressibles,Pale Sweet Healing,518,1
The Japancakes,Vinyl Fever,54,1
The Jim Yoshii Pile-Up,A Deep Deep Lake,126,2
The Jim Yoshii Pile-Up,Hello,67,6
The Jim Yoshii Pile-Up,Jetzt mit Iodine,66,1
The Jim Yoshii Pile-Up,Middle Harbor Road,130,17
The Josephine Wiggs Experience,Head to Toe,15,1
The Kills,Black Balloon,385,1
The Kingsbury Manx,Arun,78,2
The Kingsbury Manx,Pageant Square,6,3
The Kingsbury Manx,Piss Diary,166,1
The Kissaway Trail,61,316,1
The Knife in Collaboration with Mt. Sims and Planningtorock,Colouring of Pigeons,412,3
The Konki Duet,Il fait tout gris,207,1
The Ladies,Non-Threatening,260,1
The Lapse,Basilico Basilica,12,1
The Lapse,Consent,4,2
The Lapse,Fruit,11,1
The Lapse,H'a'chi,76,2
The Lapse,S.O.S.,15,5
The Lapse,The Threat,111,1
The Last Town Chorus,Dear City,233,1
The Lemonheads,Down About It,32,1
The Lemonheads,Losing Your Mind,133,1
The Lemonheads,Ride with Me,20,1
The Lemonheads,Sad Cinderella,791,1
The Letter E,Alushta,37,1
The Letter E,Events,39,1
The Letter E,On the Corner,2,1
The Letter E,Plains,38,1
The London Apartments,Streetlights Are Soldiers,285,2
The Long Lost,The Art of Kissing,366,2
The Long Winters,The Commander Thinks Aloud,283,16
The Low Anthem,Cage the Songbird,415,1
The Low Anthem,Charlie Darwin,388,12
The Low Anthem,Ghost Woman Blues,453,5
The Low Anthem,This God Damn House,407,3
The Low Anthem,Ticket Taker,407,2
The Low Frequency in Stereo,Atreides,141,1
The Low Frequency in Stereo,Desert,108,1
The Low Frequency in Stereo,Die Electro Voice,104,2
The Low Frequency in Stereo,Finger,77,1
The Low Frequency in Stereo,Harvest,96,1
The Low Frequency in Stereo,Low Frequency,142,2
The Low Lows,Interview,302,1
The Low Lows,Sessie,302,1
The Low Lows,White Liner,294,4
The Lune,What No Brings,9,1
The Luyas,Talking Mountains,513,4
The Magnetic Fields,I Looked All Over Town,194,1
The Magnetic Fields,No One Will Ever Love You,38,2
The Magnetic Fields,Papa Was a Rodeo,39,1
The Magnetic Fields,The Day the Politicians Died,622,1
The Make-up,Grey Motorcycle,5,1
The Make-up,The Choice,128,1
The Make-up,Time Machine,25,2
The Marquis De Tren And Bonny 'Prince' Billy,66,39,1
The May Queens,Like a Record,8,1
The May Queens,Tonite,9,1
The Me in You,Blankets,604,2
The Me in You,Knieper,819,1
The Me in You,Landscapes (About Me),638,2
The Me in You,"Lost Wanderer, Pt. 1",820,1
The Me in You,Shark Song,486,2
The Me in You,The Coastman & the Liar,683,4
The Mercury Program,Arrived/Departed,409,1
The Mercury Program,Backseat Blackout,410,1
The Mercury Program,Egypt,136,2
The Mercury Program,Marianas,59,9
The Mercury Program,The Sea Is in Here,53,2
The Mercury Program,There Are Thousands Sleeping in Peace,58,1
The Mercury Program,Undiscovered Genius of the Mississippi Delta,60,4
The Merkin Dream,A True Story,256,1
The Messthetics & James Brandon Lewis,Boatly,753,3
The Microphones,I Want Wind to Blow,177,1
The Microphones,Solar System,140,2
The Microphones,The Glow Pt. 2,74,6
The Microphones,The Microphones in 2020,620,2
The Microphones,Universe,261,1
The Middle East,Blood,406,9
The Middle East,Lonely,425,2
The Milk Carton Kids,Years Gone By,527,3
The Moldy Peaches,Jorge Regula,93,1
The Moldy Peaches,Lucky Number Nine,69,2
The Moldy Peaches,Nothing Came Out,68,2
The Montgolfier Brothers,Between Two Points,33,2
The Morning Benders,Pleasure Sighs,435,1
The Most Serene Republic,The Men Who Live Upstairs,332,2
The Most Serene Republic,The Protagonist Suddenly Realizes What He Must Do in the Middle of Downtown Traffic,260,1
The Mountain Goats,Armies of the Lord,798,2
The Mountain Goats,Bell Swamp Connection,625,2
The Mountain Goats,Damn These Vampires,449,2
The Mountain Goats,Dark In Here,653,2
The Mountain Goats,Design Your Own Container Garden,133,1
The Mountain Goats,Ezekiel 7 and the Permanent Efficacy of Grace,402,2
The Mountain Goats,Get Lonely,285,5
The Mountain Goats,International small arms traffic blues,134,6
The Mountain Goats,Love Love Love,233,12
The Mountain Goats,Mole,171,1
The Mountain Goats,Satanic Messiah,366,1
The Mountain Goats,Sept 15 1983,340,2
The Mountain Goats,Southwestern Territory,607,4
The Mountain Goats,The Best Ever Death Metal Band in Denton,131,1
The Mountain Goats,The Slow Parts On Death Metal Albums,650,4
The Mountain Goats,Tianchi Lake,343,1
The Mountain Goats,Wild Sage,283,1
The Mountain Goats,Your Belgian Things,182,1
The Mountain Goats & Kaki King,Black Pear Tree,370,1
The Mountain Goats & Kaki King,Thank You Mario But Our Princess Is in Another Castle,362,1
The National,American Mary,101,1
The National,Bloodbuzz Ohio,425,1
The National,Conversation 16,431,1
The National,Forever After Days,354,1
The National,Learning,558,2
The National,Slipped,534,5
The National,Sorrow,605,1
The Nels Cline Singers,Beam/Spiral,628,1
The New Year,Half a Day,57,7
The New Year,Reconstruction,59,14
The New Year,Seven Days and Seven Nights,367,1
The New Year,The End's Not Near,192,4
The Nick Drake Rememberance Sonorities,River Man,770,1
The Notwist,Chemicals,98,1
The Notwist,Consequence,86,27
The Notwist,Das Spiel ist aus,595,2
The Notwist,Good Lies,344,2
The Notwist,Into Love / Stars,635,3
The Notwist,Loose Ends,618,7
The Notwist,N.L.,109,7
The Notwist,Neon Golden,93,1
The Notwist,No Encores,8,2
The Notwist,Oh Sweet Fire,624,1
The Notwist,One Step Inside Doesn't Mean You Understand,92,1
The Notwist,One With the Freaks,98,1
The Notwist,Pick Up the Phone,86,5
The Notwist,Pilot,83,4
The Notwist,Projectors,814,1
The Notwist,Run Run Run,558,10
The Notwist,Run Run Run (Ada Remix),803,1
The Notwist,Sarajevo 2,402,2
The Notwist,Scoop,32,1
The Notwist,Solitaire,135,3
The Notwist,Teeth,817,3
The Notwist,This Room,98,9
The Notwist,Trashing Days,77,5
The Notwist,Where in This World,351,11
The Notwist,Your Signs,25,2
the oKtober people,Yesterday Was Wonderful,230,1
The One AM Radio,What You Gave Away,314,1
the orielles,Beam/s,707,1
the orielles,You Are Eating a Part of Yourself,810,3
The Paper Chase,My Death,164,1
The Paradise Motel,Cities,10,1
The Pastels,Secret Music,532,2
The Pink Stones,Shiny Bone,640,2
The Places,No Mystery,70,2
The Places,Will Try,66,1
The Point,On Comet,49,1
The Police,Bring on the Night,6,1
The Polyphonic Spree,Galloping Seas (Section 44),732,1
The Polyphonic Spree,Suitcase Calling,198,1
The Postal Service,Be Still My Heart,290,2
The Postal Service,Natural Anthem,143,1
The Postal Service,Nothing Better,218,2
The Postal Service,Suddenly Everything Has Changed,393,1
The Postal Service,The District Sleeps Alone Tonight,140,10
The Postal Service,This Place Is a Prison,129,19
The Postal Service,We Will Become Silhouettes,209,1
The Potomac Accord,The Field Song,134,4
The Powers Ensemble,Stackhouse,830,1
The Prayer Boat,In My Arms Again,2,4
The Promise Ring,Half Year Sun,100,3
The Promise Ring,Nothing Feels Good,50,1
The Promise Ring,Somebody's Done For,13,1
The Red Thread,Subject to Change,146,6
The Redneck Manifesto,I Am Brazil,222,5
The Redneck Manifesto,You Owe Me Five Potatoes,99,3
The Reindeer Section,I'll Be Here When You Wake,232,1
The Reindeer Section,If There Is I Haven't Found It Yet,74,10
The Reindeer Section,Your Sweet Voice,113,7
The Remote Viewer,It Occurred to Me. And Went Away.,179,1
The Remote Viewer,It's So Funny How We Don't Talk Anymore,230,1
The Remote Viewer,Surface Shake Off Your Cares,34,1
The Residents,Mahogany Wood,6,1
The Revival Hour,Hold Back,524,2
The Roots of Orchis,Please Call 874-2420,91,1
The Ruby Suns,It's Hard to Let You Know,291,1
The Salesman Who,A Size to What Is Right,573,1
The Saxophones,Boy Crazy,728,1
The Sea and Cake,I Missed the Glance,39,1
The Sea and Cake,Interiors,150,2
The Sea and Cake,Left Side Clouded,134,2
The Sea and Cake,One Bedroom,248,1
The Sea and Cake,Tea and Cake,147,1
The Sea and Cake,The Colony Room,41,1
The Sea and Cake,The Transaction,7,1
The Sea and Cake,Two Dolphins,39,2
The Secret Stars,(Whisper: Eye),124,2
The Secret Stars,Alienation #3,15,1
The Secret Stars,Untitled #2,28,1
The Secret Stars,Your Life to Live,72,1
The Sewing Club,Too Late,771,1
The Shadow Machine,Blind,642,2
The Shadow Machine,Reappear (feat. Chantal Acda),735,1
The Shins,A Comet Appears,303,11
The Shins,Australia,309,1
The Shins,Black Wave,300,1
The Shins,For a Fool,491,4
The Shins,Interview,309,1
The Shins,New Slang,92,11
The Shins,Pink Bullets,290,3
The Shins,Saint Simon,431,1
The Shins,The Past and Pending,150,12
The Shins,Young Pilgrims,182,3
The Shouting Matches,"Gallup, NM",531,2
The Sight Below,New Dawn Fades,428,3
The Singleman Affair,Sun In Your Eyes,297,3
The Skygreen Leopards,Jehovah I Surrender,254,2
The Sleeves,Come On Man,820,1
The Smashing Pumpkins,Speed Kills,7,1
The Smile,Bending Hectic,728,1
The Smile,Don't Get Me Started,761,1
The Smile,Free In The Knowledge,686,3
The Smile,Speech Bubbles,689,2
The Smile,Teleharmonic,746,1
The Sonora Pine,Cloister,27,4
The Sorts,Still Got Lost,6,1
The Spirit That Guides Us,24 Winters,126,1
The Spirit That Guides Us,"The Sand, The Barrier",96,1
The Standard,Bells to the Boxer,121,6
The Staves,Sadness Don't Own Me,603,4
The Strugglers,Necrophilia,256,1
The Summer of Mars,The Comfort of Your Love,235,2
The Swell Season,Drown Out,369,3
The Swell Season,I Have Loved You Wrong,405,13
The Swords Project,Shannon's Wedding Song,67,1
The Swords Project,Squatting Level,66,2
The Tall Ships,Throw Out the Tounges,273,1
The Tallest Man On Earth,1904,501,5
The Tallest Man On Earth,Blood Bank,697,1
The Tallest Man On Earth,Colors,825,2
The Tallest Man On Earth,Every Little Heart,716,1
The Tallest Man On Earth,Fields of Our Home,609,2
The Tallest Man On Earth,Henry St.,716,1
The Tallest Man On Earth,Interview,425,2
The Tallest Man On Earth,Like the Wheel,442,6
The Tallest Man On Earth,Love Is All,420,8
The Tallest Man On Earth,Overboda,829,1
The Tallest Man On Earth,The Running Styles of New York,686,1
The Tallest Man On Earth,The Wild Hunt,425,2
The Tallest Man On Earth,Thousand Ways,425,1
The Third Eye Foundation,Anhedonia,463,1
The Third Eye Foundation,I've Lost That Loving Feline,4,6
The Third Eye Foundation,Stone Cold Said So,5,1
The Thrills,Deckchairs and Cigarettes,132,2
The Tragically Hip,Flamenco,17,1
The Transmissionary Six,Clay Man Down,123,4
The Twilight Sad,Cold Days From the Birdhouse,343,1
The Twilight Sad,"That Summer, At Home I Had Become The Invisible Boy",308,2
The Twilight Singers,Esta Noche,159,4
The Twilight Singers,Get Lucky,450,7
The Twilight Singers,Hyperballad,197,1
The Twilight Singers,King Only,39,1
The Twilight Singers,Love,41,1
The Twilight Singers,Number Nine,177,1
The Twilight Singers,Papillon,160,1
The Twilight Singers,That's Just How That Bird Sings,38,2
The Twilight Singers,The Killer,172,1
The Twilight Singers,The Twilite Kid,38,1
The Twilight Singers,Twilight,40,2
The Uglysuit,Brownblue's Passing,360,3
The Uglysuit,Interview,371,1
The Uglysuit,Sessie,371,1
The Unthanks,Sea Song,482,1
The Unwinding Hours,Knut,417,2
The Van Pelt,Everything's Alright,10,1
The Van Pelt,Nanzen Kills a Cat,25,3
The Van Pelt,"The Good, The Bad & The Blind",717,1
The Walkabouts,Ended Up a Stranger,82,2
The Walkabouts,Wake Me Up Before I Sleep,25,1
The Walkmen,Red Moon,368,1
The Walkmen,We Can't Be Beat,499,3
The War On Drugs,Suffering,561,8
The Wave Pictures,The Yellow Roses,545,2
The Waves,Sexy Dreams,35,1
The Weather Station,Marsh,681,3
The Weather Station,Subdivisions,636,2
The Wedding Present,Theme from Shaft,19,1
The Welcome Wagon,"Bethlehem, A Noble City",703,1
The Welcome Wagon,I Am a Stranger,371,4
The Welcome Wagon,I Know That My Redeemer Lives,501,2
The White Birch,Breathe,125,7
The White Birch,Lantern,597,2
The White Birch,New Kingdom,259,1
The White Birch,The White Birds,245,3
The White Birch,Your Spain,249,1
The White Mages,Atonement (Final Fantasy XIII),822,1
The Wilderness,Beautiful Alarms,269,1
The Wisdom of Harry,Boxed,28,2
The Wisdom of Harry,Coney Island of Your Mind,27,1
The Wisdom of Harry,Interview,35,1
The Wisdom of Harry,Sessie,35,1
The Wisdom of Harry,Shotgun,5,1
The Wisdom of Harry,The Wisdom,28,2
The Wooden Birds,Believe in Love,422,1
The Wooden Birds,The Other One,385,3
The World Of Dust,Apocalypse,699,2
The World Without Parking Lots,My Word For It,689,1
The xx,Infinity,403,1
The xx,Missing,505,1
The xx,Teardrops,403,1
The Yellow Wallpaper,Thunderstorm on the Radar,10,1
The Yellow Wallpaper,While We Wait for the Pun to Rollover,13,1
The Zephyrs,A Friend,236,3
The Zephyrs,A While,140,3
The Zephyrs,Setting Sun,83,1
The Zephyrs,Stargazer,91,6
The Zephyrs,The Buildings Aren't Going Anywhere,78,2
Thee Conductor,Lay With Me (feat. Bonnie 'Prince' Billy),748,1
Thee More Shallows,Cloisterphobia,224,2
Thee Silver Mountain Reveries,There's a River in the Valley Made of Melting Snow,190,1
Themselves & WHY?,Canada,399,1
These Ghosts,Sleepless,581,2
These New Puritans,Field of Reeds,536,5
These New Puritans,Fragment Two,534,2
These New Puritans,Orion,419,1
These New Puritans,Sound Dredge,568,1
These New Puritans,The Old World,793,2
These New Puritans,The Other Side,805,2
They Came From The Stars I Saw Them,I Am Not Afraid,103,1
They Might Be Giants,Boat of Car,6,1
Thibault,Spanakopita,627,1
Thievery Corporation,Lebanese Blonde,26,1
Thingy,Ballpoint Pen,35,3
Thingy,Cutest Baby,202,1
This Beautiful Mess,Lovesong,109,1
This Immortal Coil,Ostia,404,1
This Is The Kit,Careful of Your Keepers,727,6
This Is The Kit,Keep Going,653,2
This Is The Kit,More Change,723,1
This Is The Kit,Started Again,625,5
This Is The Kit,Was Magician,656,1
This Melodramatic Sauna,The Song About God,294,1
This Will Destroy You,Dustism,584,3
This Will Destroy You,I Believe in Your Victory,826,1
This Will Destroy You,The Mighty Rio Grande,356,5
This Will Destroy You,Threads,345,2
Thom Yorke,5:17,681,1
Thom Yorke,Daily Battles (feat. Flea),644,1
Thom Yorke,Dawn Chorus,621,3
Thom Yorke,Knife Edge,756,1
Thom Yorke,Nose Grows Some,581,1
Thom Yorke,Suspirium,616,1
Thom Yorke,Youwouldn'tlikemewheni'mangry,591,1
Thomas Anderson,The News From Pompeii,674,1
Thomas Poli,A La Surface Des Ondes,706,2
Thomas Poli,Not Even a Trace,695,1
Thor & Friends,"Mystery Train - “Lower” remix (feat. Low, Jolie Holland)",632,1
Thou,Calling Me,17,1
Thou,Interview,3,1
Thou,The Girl She Was,123,1
Thou,Weak Lady,15,2
Thousands,Mtses III,451,1
Three Mile Pilot,Androsyn Guardian,513,1
Three Mile Pilot,Grey Clouds,406,5
Three Mile Pilot,Longest Day,41,12
Three Mile Pilot,One Step Ladder,32,2
Three Mile Pilot,The House Is Loss,83,2
Three Mile Pilot,The Trail,15,2
Three Mile Pilot,The Year of No Light,92,12
Three Mile Pilot,Way of the Ocean,5,5
Throbbing Gristle ft. Antony,Janitor of Lunacy,520,2
Throw Me the Statue,Young Sensualists,337,1
Thurston,Silver>Blue,322,4
Thurston,The Shape Is In A Trance,321,3
Thurston Moore,Benediction,458,3
Thurston Moore,Honest James,678,1
Thurston Moore,Hypnogram,714,3
Thurston Moore,Illuminine,464,7
Thurston Moore,Siren,619,2
Thurston Moore,Speak to the Wild,584,1
Thus:Owls,White Night,514,1
Tied & Tickled Trio,Unwohlpol,7,1
Tied & Tickled Trio,Utrom,8,1
Tied & Tickled Trio,You Said Tomorrow Yesterday,307,3
Tim Bernardes,"Nascer, viver, morrer",696,1
Tim Hecker,Morning (Piano Version),776,1
Tim Kasher,Strays,447,2
Tim Vanhamel,Interview,1,1
Timber Timbre,I Am Coming to Paris (To Kill You),669,4
Timber Timbre,The New Tomorrow,565,2
Timesbold,Anyone's Dream,655,1
Timesbold,Black Eyed Suzy,189,1
Timesbold,Don't Want to Live,718,1
Timesbold,Evil,82,4
Timesbold,Gin I Win,99,10
Timesbold,Gospels of Thomas,105,1
Timesbold,I Hear You Hear,223,1
Timesbold,Interview,105,2
Timesbold,It's a Sag...,190,1
Timesbold,Mama,346,2
Timesbold,Sessie,347,1
Timesbold,Some Awful Men,101,10
Timesbold,Vengeance Day,182,3
Timesbold,Wind to Rise,182,1
Timesbold,Wings On a Girl,181,4
Timesbold,Word,104,3
Timonium,Self Evidence,10,2
Timonium,The Past Within the Past,157,2
Tin Fingers,LSD,738,2
Tin Foil Star,Strawberry Hips,10,1
Tindersticks,Another Night In,38,14
Tindersticks,Both Sides of the Blade,673,3
Tindersticks,Can Our Love...,67,1
Tindersticks,Can We Start Again?,25,1
Tindersticks,Closing Titles,78,8
Tindersticks,Dying Slowly,68,1
Tindersticks,Factory Girls,410,3
Tindersticks,"Falling, the Light",748,1
Tindersticks,Here,150,1
Tindersticks,I Was Your Man,144,1
Tindersticks,If You're Looking For a Way Out,55,1
Tindersticks,Man Alone (Can't Stop Fading),649,1
Tindersticks,Medicine,482,4
Tindersticks,My Oblivion,155,2
Tindersticks,No More Affairs,37,1
Tindersticks,The Bough Bends,638,2
Tindersticks,The Other Side of the World,344,12
Tindersticks,The Secret of Breathing,762,1
Tindersticks,Trouble Every Day,119,6
Tindersticks,Willow,682,1
Tiny Little Houses,Richard Cory,629,2
Tiny Ruins,Adelphi Apartments,506,1
Tiny Ruins,Carriages,574,2
Tiny Ruins,Interview,506,1
Tiny Ruins,Running Through the Night,506,1
Tiny Ruins,The Crab - Waterbaby,712,1
Tiny Ruins,You've Got the Kind of Nerve I Like,501,2
Tiny Vipers,Campfire Resemblance,461,1
Tiny Vipers,Development,400,1
Tiny Vipers,Dreamer,400,1
Tiny Vipers,Eyes Like Ours,398,1
Tiny Vipers,Interview,400,1
Tiny Vipers,The Downward,320,4
Tiny Vipers,Young God,399,1
Tirzah,Send Me,646,1
Tiña,Rosalina,619,1
TJE,Coolkidsbar,688,2
TJE,Supernatural,813,1
Tje + The Christian Club + Bobbi Lu,Pass Through Time,778,3
Tmgs,Headed Home,521,2
To Kill a Petty Bourgeoisie,I Will Hang My Cape In Your Closet,399,2
To Kill a Petty Bourgeoisie,"The Man with the Shovel, Is the Man I'm Going to Marry",322,4
To Rococo Rot,He Loves Me,23,1
To Rococo Rot,I Am in the World With You,27,2
To Rococo Rot,Mit dir in der Gegend,51,3
To Rococo Rot,Pantone,65,2
To Rococo Rot,Pantone (Red),74,2
To Rococo Rot,Pantone 6,791,1
To Rococo Rot,Telema,9,3
Tobacco,Star-Spangled Ceiling,34,3
Tobias Jesso Jr.,Hollywood,596,1
Tobias Jesso Jr.,Interview,596,1
Tobias Jesso Jr.,Just a Dream,578,4
Tobias Jesso Jr.,Without You,603,6
Tobogan,/Tinkabodi:/ (The End of the Day),144,1
Tocotronic,Das sind keine Ratsel,9,1
Tocotronic,"Es ist egal, aber",1,1
Toe 2000,Absolutism,9,1
tofusmell,(Me Tomorrow),813,1
tofusmell,Basil Noodles,726,2
tofusmell,Voice Cracks,821,2
Told Slant,Real Love,829,1
Toledo,Amends,783,1
Toledo,Leopard Skin,697,1
Toledo,What Happened To The Menorah?,694,3
Tom & Bart (De Kreun),Interview,327,1
Tom Ashbrook,All Clear,651,2
Tom Brosseau,Empty Houses Are Lonely,267,3
Tom Brosseau,The Broken Ukelele,265,1
Tom Helsen,A Perfect Day,39,1
Tom Helsen,Perfect Day,40,1
Tom LoMacchio,A Sullen Night's End,36,1
Tom McRae,Hidden Camera Show,48,1
Tom McRae,Language of Fools,45,2
Tom Rogerson,Oath,674,1
Tom Sweetlove,Xanax Tobin,145,2
Tom Waits,The World Keeps Turning,61,1
Tom Wolf,Bring a Good Thing,105,1
Tom Woods,Miles,716,2
Tomaga,Intimate Immensity,638,1
Tomberlin,Floor,624,1
Tomberlin,Happy Accident,677,3
Tomberlin,idkwntht,675,1
Tomberlin,Sunstruck,686,1
Tomberlin,Tap,681,2
Tommy Guerrero,Sea Sick,79,1
Tomàn,Also for Example,233,1
Tomàn,Deportivo,286,5
Tomàn,I Can't Remember Whether I Said Thank You,285,3
Tomàn,Interview,235,3
Tomàn,Medley (A Brief History of Thyme / Bear / The Wonder of the Tortoise Tunnel),617,1
Tomàn,Red White Tears,163,3
Tomàn,Sessie,235,1
Tomàn,Solid State Is OK,511,5
Tomàn,The First Sunday of April,229,3
Tomàn,Theme for Crusaders,286,3
Tone,I Am Long,367,1
Tone,Interview,369,1
Tone,Open Secret,365,1
Tone,Sessie,369,1
Tone,The Unwilling,260,2
Tonetraeger,The Loveliness,203,2
Tony Goddess,I Know It's True,161,1
Tony Goddess,Interview,161,1
Tony Goddess,Love Just Don't Quit,161,1
Top Girls,Turn,438,1
Toro Y Moi,CD-R (Unerthed),797,2
Toro Y Moi,Elise,458,5
Tortoise,Charteroak Foundation,397,2
Tortoise,Djed,300,4
Tortoise,Everglade,95,2
Tortoise,Gamera,281,1
Tortoise,Glass Museum,47,10
Tortoise,I Set My Face to the Hillside,484,3
Tortoise,Live,234,1
Tortoise,Night Air,8,4
Tortoise,Promenade à deux,804,2
Tortoise,Ry Cooder,115,4
Tortoise,Salt the Skies,180,12
Tortoise,Six Pack,58,5
Tortoise,Speakeasy,56,10
Tortoise,Spiderwebbed,274,1
Tortoise,Ten-Day Interval,28,1
Tortoise,The Taut and Tame,77,4
Tortoise,Tin Cans & Twine,354,1
Tortoise,Works and Days,801,4
Tortoise & Bonnie 'Prince' Billy,(Some Say) I Got Devil,261,1
Tortoise & Bonnie 'Prince' Billy,The Calvary Cross,258,1
Tortoise & Bonnie 'Prince' Billy,Thunder Road,258,7
Toshack Highway,Board the Bullet Train,8,1
Toshack Highway,I Thought I Saw My Ship A-Coming,9,2
Toss,Dispose,15,1
Tour,As We Go,527,2
ToV,Easy TBC,663,1
Traams,Sleeper (feat. Soffie Viemose),680,5
Tracker,Photograph the Ancestors,137,2
Tracker,Stirring Furnace,224,1
Tram,Social Disease,60,1
Trans Am,Afternight,108,2
Trans Am,Love Commander,79,1
Trans Am,Sad and Young,4,1
Trans Am,Starjammer,23,1
Trans Am,The Dark Gift,30,1
TransChamps,Somebody Like You,76,2
Transit,Boat Song,347,4
Transit,Interview,351,1
Transit,January,353,1
Transit,Pilot's Handbook,290,1
Transit,Sessie,351,1
Trash Palace,Your Sweet Love,118,1
Trembling Bells & Bonnie 'Prince' Billy,I Made a Date (With an Open Vein),495,4
Trembling Blue Stars,One Prayer Answered,221,1
Trent Reznor and Atticus Ross,Vaster Than Empires (feat. Alan Sparhawk),773,1
Trentemøller,A Different Light,758,2
Trentemøller,Golden Sun,653,2
Trentemøller,Nightfall (feat. Dísa),762,1
Trentemøller,No One Quite Like You (feat. Tricky),657,2
Trentemøller,The Dream (feat. Low),541,3
Trentemøller,Veil of White,677,2
Trespassers William,I Don't Mind,269,9
Trespassers William,"Safe, Sound",273,3
Trespassers William,Vapour Trail,174,11
Tristeza,A Little Distance,229,2
Tristeza,Are We People,36,4
Tristeza,Auroura Borealis,40,11
Tristeza,Bromas,249,2
Tristeza,Building Peaks,34,4
Tristeza,City of the Future,154,1
Tristeza,Opiate Slopes,32,2
Tristeza,Respira,53,3
Trouble Books,Abandoned Monorail Station,418,1
Trouble Books,Night of the Pelican Street Sweeper,393,2
Troy von Balthazar,Dogs,257,9
Troy von Balthazar,Hammertime,775,1
Troy von Balthazar,Let's Not Forget to Panic,787,1
Troy von Balthazar,Mr. Cohen,658,1
Troy von Balthazar,Viva,514,2
Troy von Balthazar,"You, When You're Drunk",244,1
True Bypass,Hallway,435,2
True Bypass,Hopes Up High,511,1
True Bypass,I Cried Enough,510,2
True Bypass,Interview,437,2
True Bypass,It Isn't True,511,1
True Bypass,Waitin' for a Superman,437,1
True Bypass,You Knew,437,1
True Widow,Jackyl,460,10
True Widow,S:H:S,539,5
True Widow,Skull Eyes,473,1
True Widow,Wither,473,1
Truus De Groot,Not on the Prairie (feat. Cosmo Vitelli),765,1
Tu Fawning,The Felt Sense,451,1
Tucker Zimmerman,Lorelei (feat. Big Thief),766,2
Tucker Zimmerman,Sun in Scorpio,817,2
Tuk,Low Carb Love,300,1
Tunng,Anoraks,803,1
Tunng,Deep Underneath,768,4
Tunng,Didn't Know Why,766,2
Tunng,Don't Look Down or Back,418,1
Tunng,Everything Else,772,1
Tunng,It Breaks,420,3
Tunng,Jay Down,278,3
Tunng,Laundry,778,1
Tunng,Man in the Box,277,6
Tunng,People Folk,215,3
Tunng,Snails,775,2
Tunng,Tale From Black,220,13
Tunng,The Pioneers,258,3
Tunng,The Roadside,426,1
Tunng,Woodcat,301,1
Turin Brakes,Mind Over Money,41,1
Turin Brakes,State of Things,38,2
Turin Brakes,The Boss,57,1
Turnstile,Never Enough: Porches Version,829,1
TV on the Radio,Family Tree,362,13
TV on the Radio,Hours,279,3
TV on the Radio,Love Dog,361,1
TV on the Radio,Stork & Owl,391,3
Tweaker ft. Will Oldham,Ruby,196,2
Tweedy,Nobody Dies Anymore,579,4
Twerps,I Don't Mind,594,2
Twiggy Frostbite,Narrow Pride,384,2
Twin Limb,Long Shadow,595,3
Twin Shadow,Tyrant Destroyed,442,8
Twin Sister,Kimmi in a Rice Field,475,3
Twin Sister,Meet The Frownies,437,2
"two blinks, i love you",Carnegie Hall,719,2
Two Dollar Guitar,Kilroy,7,1
Two Gallants,All Your Faithless Loyalties,318,2
Two Lone Swordsmen,It's Not the Worst,78,4
Two Lone Swordsmen,It's Not the Worst I've Looked,235,1
Two Lone Swordsmen,Tiny Reminder No. 3,79,1
Ty Segall,The Keepers,543,1
Tycho,Dive,495,3
Tycho,Montana,568,2
Tyler Burkhart,Gaslight,736,1
Tyler Ramsey,Arrow to Bow,748,1
Tyler Ramsey,The Valley Wind,473,2
Ugly Casanova,Cat Faces,109,3
Ugly Casanova,Hotcha Girls,110,5
Ui,August Song,11,4
Ulan Bator,Hemisphere,42,1
Ultra Vivid Scene,Thief's Love Song,18,1
Uma Chine,Hold,626,1
Umm,Engraved,648,2
Unbelievable Truth,Shed Your Skin,28,2
Under Byen,Kapitel 1,420,1
UNKLE,Bloodstain,5,1
UNKLE,Rabbit in Your Headlights,119,1
Unwed Sailor,Once in a Blue Moon,87,2
Unwound,Below the Salt,66,17
Unwound,Lifetime Achievement Award,9,1
Unwound,Natural Disaster,14,1
Unwound,October All Over,65,10
Uphill Racer,Break the Bone Start the Show,290,2
Uphill Racer,Falling To The Earth,321,2
Upsammy,Flutter,640,2
Uriel,You Who Are,27,1
Uriel,You Who Are Reading Me Now,44,1
Urusei Yatsura,Kubrick in Town,35,1
Utah Carol,Airplanes,106,4
Uusi Fantasia,Takaisin,142,1
Uzi & Ari,Headworms,363,2
Uzi & Ari,Tiny House,290,1
Uzi & Ari,Trainwreck,291,4
V-Twin,Thank You Baby,24,1
V.O.,A Safer Place,495,2
V.O.,Interview,352,1
V.O.,Sample Song,346,1
V.O.,Sessie,352,1
V.O.,"Wet, Windy and Cloudy",234,1
Valerie and the rain,River O,818,2
Valgeir Sigurðsson,Kin,320,8
Valgeir Sigurðsson,Past Tundra,420,3
Valley Maker,Aberration,638,2
Valley Maker,Mockingbird,628,2
Valley Maker,No One Is Missing,632,2
Valley of the Giants,Bala Bay Inn,194,2
Vanbar,In Cold Light,653,1
Vanbur,Fall,648,2
Vashti Bunyan,Across the Water,580,1
Vashti Bunyan,I Want To Be Alone,324,1
Vashti Bunyan,"If I Were (Demo, 2001)",770,1
Vega,If You Ever Been in Love,126,2
Vegyn,Mystery or Misery?,770,1
Velma,Cube,160,1
Velma,Vitamine,93,1
Venetian Snares,Hiszekeny,223,1
VENTILATEUR,Eb,686,2
Vern Matz,Thurthur,707,1
Versus,Sunlight Flier,24,1
Vessels,A Hundred Times in Every Direction,362,3
Vessels,Later Than You Think,450,2
Vessels,The Trap,461,1
Vessels,"Wave Those Arms, Airmen",366,1
Vetiver,Amerilie,233,1
Vetiver,Angel's Share,196,3
Vetiver,At Forest Edge,380,3
Vetiver,Been So Long,326,1
Vetiver,Belles,194,1
Vetiver,Farther On,202,1
Vetiver,Go Easy,471,1
Vetiver,I Know No Pardon,271,5
Vetiver,Lon Chaney,353,1
Vetiver,Through the Front Door,387,1
Vetiver,Worse for Wear,465,3
Via Tania,Boltanski,183,1
Via Tania,In the Deep,182,1
Via Tania,Moonlight & Chaos,184,1
Vic Chesnutt,Coward,398,5
Vic Chesnutt,Degenerate,80,2
Vic Chesnutt,Glossolalia,320,7
"Vic Chesnutt, Elf Power and the Amorphous Strums",The Mad Passion of the Stoic,363,4
Victor Bermon,Photographs Are Not Memories,305,2
Victory at Sea,Heavy Hands,135,2
villagerrr,Locket,816,1
villagerrr,Roadstar,825,1
villagerrr,Virginia,824,1
Villagers,Becoming a Jackal,426,4
Villagers,Courage,610,1
Villagers,Earthly Pleasure,526,1
Villagers,Everything I Am Is Yours,631,1
Villagers,Full Faith in Providence,659,1
Villagers,Hot Scary Summer,606,9
Villagers,I Want What I Don't Need,757,1
Villagers,Interview,443,4
Villagers,That Day,443,1
Villagers,That Golden Time,746,3
Villagers,The First Day,647,3
Villagers,The Waves,526,1
Villagers,Twenty-Seven Strangers,443,1
Villagers,You Lucky One,752,1
Villeneuve,Carrousel,201,1
Villeneuve,Look At Me (feat. M83),199,1
Vincent Coomans,Dark Dog,811,2
Vincent Coomans,Drifting Away,711,1
Vincent Coomans,I Cannot Comfort You,794,1
Vincent Coomans,I Will Be Your Man,622,1
Vincent Coomans,Must I Always,682,2
Vincent Gallo,Honey Bunny,91,1
Vincent Gallo,So Sad,92,3
Vincent Gallo,When,81,6
Vines,I Am My Home,779,1
Violet Indiana,Angel,71,1
Vitesse,Another way,134,3
Vito,A Reckoning of Sorts,277,2
Volcano Choir,Byegone,539,11
Volcano Choir,Comrade,748,1
Volcano Choir,Still,408,3
Volcano Choir,Tiderays,580,1
Vollmar,Feels Good Hurts,246,1
Vundabar,Aphasia,653,1
Vundabar,I Need You,780,2
Wall,Something On Your Mind,515,1
Walls,Soft Cover People,431,3
Walls,Vacant,478,1
Walt McClements,Thresholds (Through a Hole in the Fence),659,1
Wand,Goldfish,763,1
Wand,Help Desk,751,2
Wanthanee,Soon,647,2
Warpaint,Biggy,553,6
Warpaint,Billie Holiday,406,9
Warpaint,Common Blue,748,3
Warpaint,No Way Out,601,2
Warpaint,Son,557,1
Warpaint,Underneath,753,1
Warpaint,Undertow,441,11
Warrington Runcorn New Town Development Plan,A Shared Sense of Purpose (1973 Version),760,1
Washington,Appendix 1: As Waves Shape the Sea,368,2
Water Liars,Fake Heat,530,6
Watter,Rustic Fog,563,4
Wauvenfold,Pixel Stitched,111,1
Waxahatchee,Brother Bryan,533,5
Way Dynamic,Miffed It,803,1
We Are Loud Whispers,This Time,535,2
We Stood Like Kings,"Glagolitic Mass, JW 3/9: Introduction",624,1
We vs. Death,Pictures from Stanford,278,1
We vs. Death,Workers Are Referred to as 'Hands',219,1
Wechsel Garland,Sylvester,31,1
Wednesday,What's So Funny,720,1
Weekend,Sweet Sixteen,483,2
Ween,Baby Bitch,31,1
Ween,Flutes of Chi,19,1
Weevil,Out of Time,192,3
Weevil,Unprepared,182,3
Weiland & Wio,Verenigde Eenden Naties,779,3
Westerman,About Leaving,801,1
Westerman,Blue Commanche,634,1
Westerman,CSI: Petralona,712,2
Westerman,Give,722,2
Westerman,Idol; Re-Run,699,2
Westerman,Take,719,1
Westside Cowboy,Patchwork,829,1
Wet Leg,Obvious,817,1
Weyes Blood,God Turn Me Into A Flower,704,1
Weyes Blood,Titanic Risen,645,1
Wheat,Don't I Hold You,2,11
Wheat,Flat Black,53,4
Wheat,Raised Ranch Revolution,13,5
Wheat,Roll the Road,65,1
Wheat,Who's the One,25,8
When Heaven Met Earth,Maple Keys,822,1
When Saints Go Machine,Fail Forever,457,2
Whip,Ballad of Rap,166,1
Whip,Crows,163,10
Whip,Down By Blood,310,2
Whip,Highway Kind,175,1
Whip,Interview,175,2
Whip,Nature,175,1
Whip,Sessie,313,1
Whip,Sewn in Seems,40,2
Whirr,Clear,580,2
Whispering Sons,Cold City,741,4
Whispering Sons,Interview,759,1
Whispering Sons,Oceanic,749,1
Whispering Sons,"Still, Disappearing",759,2
White Hinterland,Cataract,419,6
White Hinterland,Hometown Hooray,340,2
White Hinterland,Huron,425,1
White Hinterland,Icarus,412,2
White Hinterland,The Destruction of the Art Deco House,342,3
White Hotel,Killin' Time,44,1
White Magic,Plain Gold Ring,197,1
White Magic,Winds,325,1
Whitney,Darling,793,1
Whitney K,Maryland,632,1
Whitney K,Morning After,800,1
Whitney K,Song For a Friend,684,1
Why?,Crushed Bones,241,1
Why?,The Hollows,346,2
Widowspeak,Everything Is Simple,672,5
Widowspeak,Money (hymn),636,1
Widowspeak,Slow Dance,680,1
Widowspeak,While You Wait,675,1
Wilco,Ashes of American Flags,174,9
Wilco,Black Moon (iTunes Session),790,1
Wilco,Blasting Fonda,587,2
Wilco,Bull Black Nova,397,1
Wilco,Hell Is Chrome,199,4
Wilco,Hints,692,1
Wilco,I Am Trying to Break Your Heart,377,2
Wilco,If I Ever Was a Child,734,1
Wilco,Impossible Germany,390,10
Wilco,Improbable Germany (10/7/03 SOMA-Chicago Version),779,1
Wilco,In a Future Age,16,1
Wilco,"Jesus, etc.",497,1
Wilco,Love Is Everywhere (Beware),629,4
Wilco,Misunderstood,65,1
Wilco,On And On And On,313,9
Wilco,One Sunday Morning (Song for Jane Smiley's Boyfriend),492,1
Wilco,One Wing,492,1
Wilco,Pittsburg,733,2
Wilco,Radio Cure,104,1
Wilco,Sky Blue Sky,492,1
Wilco,Sunloathe,471,2
Wilco,Via Chicago,252,1
Wilco,War On War,141,1
Wild Pink,Air Drumming Fix You,753,1
Wild Pink,Dulling the Horns,764,2
Wild Pink,Simple,828,1
Wildbirds & Peacedrums,Bleed Like There Was No Other Flood,436,4
Wildbirds & Peacedrums,Nakina,349,1
Wildbirds & Peacedrums,We Hold Each Other Song,345,2
Wilderness,End of Freedom,252,1
Will Butler,Sing to Me,601,1
Will Epstein,Suddenly Rain,704,2
Will Epstein,Will The Morning Come,715,1
Will Johnson,All Dragged Out,788,2
Will Johnson,Conduct,732,2
Will Johnson,El Capitan,621,2
Will Johnson,Floodway Fall,782,1
Will Johnson,Frame It,771,1
Will Johnson,Interview,515,1
Will Johnson,Scorpion,515,1
Will Johnson,"You Will Be Here, Mine",513,3
Will Oldham,"Boy, You Have Cum",3,2
Will Oldham,Call Me a Liar,6,1
Will Oldham,Forest Time,97,2
Will Oldham,O Let It Be,125,1
Will Oldham,O Lord Are You in Need?,2,2
Will Oldham & Alan Licht,"Don't Cry, Driver",148,1
Will Samson,A Certain Surprise,700,1
Will Samson,And Yet,728,1
Will Samson,Arpy,678,4
Will Samson,Calescent,700,2
Will Samson,Cathedrals,516,1
Will Samson,Darabuka,818,1
Will Samson,Find a Little Light (Day Six),616,1
Will Samson,Flowerbed,619,1
Will Samson,Harvest Hope,825,2
Will Samson,Holly Hollow (Day Seven),616,1
Will Samson,Hostage,690,1
Will Samson,I Will Sing Again Soon,778,3
Will Samson,Interview,516,3
Will Samson,Loshult,772,1
Will Samson,My Broken Mirror,477,1
Will Samson,Oceans Are Wilder,507,3
Will Samson,Painting a Horizon,516,1
Will Samson,Pyrton Bells,616,1
Will Samson,Rusting Giants,547,4
Will Samson,Sanctuary,616,1
Will Samson,Shimmer (Day Two),616,1
Will Samson,Shun,682,1
Will Samson,Signs of Life,813,1
Will Samson,Sunbeamer (Acoustic Studio Session),747,1
Will Samson,"Sunbeamer, Pt. 1",616,1
Will Samson,Welcome Oxygen (Day Five),616,1
Will Samson,Whale Pebble,822,1
Will Samson & Heimer,Sunbeamer pt. II,608,2
Will Samson & Heimer,Your Golden Glow,612,1
Will Samson & Message To Bears,Already Am,630,1
Will Samson & Message To Bears,Laika,665,1
Will Sheff,Double Exposure,828,2
Will Sheff,Estrangement Zone,693,2
Will Sheff,In The Thick Of It,698,2
Will Stratton,At the Table of the Styx,503,2
Will Stratton,Bardo or Heaven?,786,2
Will Stratton,Black Hole,652,1
Will Stratton,Tokens,642,1
William Elliott Whitmore & Jenny Hoyston,Feast of a Thousand Beasts,291,1
William Fitzsimmons,Fortune,564,1
William Fitzsimmons,Goodmorning,399,1
William Fitzsimmons,I Don't Feel It Anymore,399,1
William Fitzsimmons,I Had to Carry Her (Virginias Song),610,3
William Fitzsimmons,If You Would Come Back Home,399,8
William Fitzsimmons,Interview,564,1
William Fitzsimmons,Lions,549,8
William Fitzsimmons,Please Don't Go,370,3
William Fitzsimmons,So This Is Goodbye,429,2
William Fitzsimmons,Tied To me,449,7
William Fitzsimmons,You Broke My Heart,368,1
Willo The Wisp,I Feel Better When I'm Alone,143,3
Wilter,Floating-Testing,689,1
Wilter,Solo/Solong,653,1
Wim Smets,Interview,593,1
Windmill,Boarding Lounges,322,1
Windmill,Ellen Save Our Energy,400,3
Windmill,Epcot Slow,404,1
Windmill,Fluorescent Lights,309,6
Windmill,Interview,322,1
Windsor For The Derby,Awkwardness,95,1
Windsor For The Derby,Logic and Surprise,134,3
Winter,Without You,796,1
Wintercoats,Working On a Dream,482,2
Winterpills,Want the Want,262,3
Winterslag,Cause For Concern,604,2
Wio,I Don't Really Like Pies,64,1
Wio,"Me, Wrapped Under the Xmas Tree",14,1
Wio,Milkman,52,2
Wio,Zoen_X,52,2
Wipers,Any Time You Find,127,1
Wire,Mr. Suit,6,1
Witness,Scars,2,1
Wive,Lazavs and Dives,429,3
Wixel,Bob and Jenny,150,1
Wixel,Carrot Nose,284,1
Wixel,Distraction,235,2
Wixel,Failed,129,1
Wixel,Fatigas Del Querer,373,1
Wixel,Interview,274,2
Wixel,Nowhere,373,1
Wixel,On My Way to the Moon,370,2
Wixel,Sessie,274,1
Wixel,Snowparks,186,1
Wixel,You're Right On,242,1
Wolf Colonel,Agave's Lament,10,1
Wolf Colonel,Interview,72,1
Wolf Colonel,Sessie,72,1
Wolf Parade,Dinner Bells,240,1
Wolf Parade,Fine Young Cannibals,357,13
Women,Black Rice,359,2
Woodbine,Neskwik,45,4
Woodbine,Tricity Tiara,18,8
Woodbine,Unbelievable,226,2
Woodcraft Folk,Blokflute,260,1
Wooden Wand,Death Seat,441,3
Woodpigeon,The Saddest Music in the World,522,2
Woom,Walk,627,2
Worm Is Green,Love Will Tear Us Apart,163,3
Wouter Dewit,Everything Simply Began,820,1
Wouter Dewit,Hold On the Top of Your Fingers,782,2
Wouter Dewit,Holding the Sea Within,775,2
Wouter Dewit,I Want To Dance With You,663,1
Wouter Dewit,You Feel Like Air,645,1
Woven Hand,Blue Pail Fever,100,6
Woven Hand,Duat Hawk,674,1
Woven Hand,Kingdom of Ice,361,1
Woven Hand,Obdurate Obscura,571,4
Woven Hand,Your Russia (Without Hands),136,1
Wow & Flutter,Bluer Than,114,1
WU LYF,L Y F,459,5
WY,Something Amazing,695,1
Wye Oak,Archaic Smile,372,4
Wye Oak,Civilian,456,1
Wye Oak,Interview,456,1
Wye Oak,Mary Is Mary,403,1
Wye Oak,Plains,455,4
Wye Oak,The Alter,456,1
Xela,Japanese Whispers,304,4
Xela,Linseed,342,1
Xiu Xiu,Clowne Towne,188,1
Xiu Xiu,Muppet Face,243,1
Xiu Xiu,The Oldness,483,6
XV,Swervin,490,1
XXL,Paw Paw Paw Paw Paw Paw Paw,288,1
Yann Tiersen,Rathlin From a Distance,772,2
Yann Tiersen,Till The End,438,1
Yann Tiersen & Shannon Wright,Something to Live For,204,11
Yann Tiersen & Shannon Wright,Ways to Make You See,208,1
Years,Are You Unloved?,395,2
Yeasayer,No Need to Worry,325,10
Yeasayer,O.N.E.,429,1
Yellerkin,Solar Laws,545,1
Yellow6,Azure,312,1
Yim Yames,Sir Frankie Crisp (Let It Roll),398,2
Yo La Tengo,Aselestine,709,3
Yo La Tengo,Autumn Sweater,686,4
Yo La Tengo,"Barnaby, Hardly Working",93,1
Yo La Tengo,Before We Run,514,6
Yo La Tengo,Black Flowers,288,2
Yo La Tengo,Don't Have to Be So Sad,141,12
Yo La Tengo,Fancy,102,1
Yo La Tengo,Fourth Time Around,338,2
Yo La Tengo,I Feel Like Going Home,287,1
Yo La Tengo,Leaving Home,773,1
Yo La Tengo,Little Eyes,147,13
Yo La Tengo,Miles Away,713,2
Yo La Tengo,Needle of Death,159,3
Yo La Tengo,Nowhere Near,733,1
Yo La Tengo,Our Way to Fall,10,20
Yo La Tengo,Ready-Mades,28,1
Yo La Tengo,Roll On Babe,627,1
Yo La Tengo,Saturday,6,6
Yo La Tengo,Tears Are in Your Eyes,17,1
Yo La Tengo,There's No Goodbye Between Us,677,1
Yo La Tengo,Tom Courtenay,225,2
Yo La Tengo,You Tore Me Down,62,2
"you, infinite",Shine Eternal,776,1
"you, infinite",The Elder,783,1
"you, infinite",Throughlines,775,2
youbet,Seeds of Evil,754,1
Young Galaxy,Swing Your Heartache,338,1
Young Jesus,Am I the Only One,760,1
Young Magic,Sparkly,500,1
Youth Lagoon,Afternoon,473,8
Youth Lagoon,Dropla,520,5
Youth Lagoon,Football,743,1
Youth Lagoon,Idaho Allan,718,1
Youth Lagoon,Interview,490,1
Youth Lagoon,July,464,2
Youth Lagoon,Mercury,726,2
Youth Lagoon,Posters,490,1
Youth Lagoon,Seersucker,781,3
Youth Lagoon,The Hunt,490,1
Youth Lagoon,The Sling,723,1
Yuck,Automatic,433,1
Yuck,Somewhere,549,4
Yuck,Stutter,447,7
Yuji Oniki,40 Seconds,115,2
Yuji Oniki,Tokyo Clover,48,3
YUKO,A Couple of Months on the Couch,564,8
YUKO,Dolly Parton,457,2
YUKO,"Don't Drag Dogs Into Bed, They Carry Diseases",365,1
YUKO,For Times When Ears Are Sore,361,4
YUKO,I Don't Know What I Want But I Do Know It Won't Come from You,368,4
YUKO,Interview,368,2
YUKO,She Thought She Could Make Us Come,368,1
YUKO,The View Was Bad (That's Why),459,3
Yuppie Flu,A Song's a Song,45,1
Yuppie Flu,Boat or Swim,64,1
Yuppie Flu,Give It a Day,152,1
Yuppie Flu,Kids Up a House Tree,60,1
Yuppie Flu,Now and On,146,3
Yuppie Flu,The Blue Experiment,51,2
Yuppie Flu,The Fairy Tales of Young Robin,18,1
Yuppie Flu,Wheel Deal,19,1
Yurt,Level Bottom Growth (Before Me),752,1
Zac Lawrence,The Great Rodeo Star's Return,739,2
Zea,Kiss & Dissappear,3,1
Zelienople,All Planned,413,2
Zelienople,Can't Stop,601,1
Zero 7,Monday Night,47,1
Zoh Amba,Another Time,820,1
Zon & Zero,Heart,106,2
Zoo Kid,Out Getting Ribs,449,1
Zoppo,Zoppo Is Finished,81,1
Óbó,Gullregn,584,4
Ólafur Arnalds,0048/0729,333,1
Ólafur Arnalds,1953,353,1
Ólafur Arnalds,3055,337,1
Ólafur Arnalds,3rd Planet,369,1
Ólafur Arnalds,A Dawning - Sunrise Sesssion III,816,1
Ólafur Arnalds,Back to the Sky,619,5
Ólafur Arnalds,"Hægt, kemur ljósið",426,7
Ólafur Arnalds,Ljósið,401,2
Ólafur Arnalds,Lost Song,443,3
Ólafur Arnalds,Partisans,662,1
Ólafur Arnalds,Poland,491,2
Ólafur Arnalds,Saudade (When We Are Born),655,3
Ólafur Arnalds,Woven Song,627,2
Ólafur Arnalds & Talos,We Didn't Know We Were Ready (feat. Niamh Regan & Ye Vagabonds),778,3
Ólöf Arnalds,Crazy Car,436,3
Ólöf Arnalds,Patience,580,4
Ólöf Arnalds,Return Again,520,6
Ólöf Arnalds,Surrender,433,2
ØXN,The Trees They Do Grow High,743,1
Úlfur,Heaven in a Wildflower,524,1
